status_id,created_at,user_id,screen_name,text,source,reply_to_status_id,reply_to_user_id,reply_to_screen_name,is_quote,is_retweet,favorite_count,retweet_count,hashtags,symbols,urls_url,urls_t.co,urls_expanded_url,media_url,media_t.co,media_expanded_url,media_type,ext_media_url,ext_media_t.co,ext_media_expanded_url,ext_media_type,mentions_user_id,mentions_screen_name,lang,quoted_status_id,quoted_text,retweet_status_id,retweet_text,place_url,place_name,place_full_name,place_type,country,country_code,geo_coords,coords_coords,bbox_coords,state
965970935856714000,2018-02-20T15:26:32Z,407456452,lesnooga,Diagnosed with type A flu. Taking Tamiflu.  Ugh!,Twitter for Android,,,,FALSE,FALSE,0,0,,,,,,,,,,,,,,,,en,,,,,https://api.twitter.com/1.1/geo/id/2e5b7aeec8569317.json,Ringgold,"Ringgold, GA",city,United States,US,|,|,-85.1957372|-85.087955|-85.087955|-85.1957372|34.885052|34.885052|34.940708|34.940708,Georgia
965847099123286000,2018-02-20T07:14:27Z,432753603,delphotonet,"The flu is kicking my ass. Baby cat trying to cheer me up, so cute. Tamiflu is starting to work as I got my temp down to 100 today after a couple of scary 104 days! Immune system compromised, I leave the house to go to a local camera store to hold the new sony dslr model. #blurg https://t.co/9sWnNFK0uY",Twitter for iPhone,,,,FALSE,FALSE,0,0,blurg,,,,,http://pbs.twimg.com/media/DWdgzysVAAAvorZ.jpg,https://t.co/9sWnNFK0uY,https://twitter.com/delphotonet/status/965847099123286017/photo/1,photo,http://pbs.twimg.com/media/DWdgzysVAAAvorZ.jpg,https://t.co/9sWnNFK0uY,https://twitter.com/delphotonet/status/965847099123286017/photo/1,,,,en,,,,,https://api.twitter.com/1.1/geo/id/5aca79f0ebd329ee.json,Inglewood-Finn Hill,"Inglewood-Finn Hill, WA",city,United States,US,|,|,-122.267304|-122.187208|-122.187208|-122.267304|47.690177|47.690177|47.7509287|47.7509287,Washington
965766810934096000,2018-02-20T01:55:25Z,46461738,jbfremont,my latest nighttime routine #flu #flurecovery #tamiflu #tamiflutotherescue #mucinex‚Ä¶ https://t.co/GOeTg4sAEq,Instagram,,,,FALSE,FALSE,0,0,flu|flurecovery|tamiflu|tamiflutotherescue|mucinex,,instagram.com/p/BfZpwWEB2hJ/,https://t.co/GOeTg4sAEq,https://www.instagram.com/p/BfZpwWEB2hJ/,,,,,,,,,,,en,,,,,https://api.twitter.com/1.1/geo/id/6f36fc2e52870eee.json,Newport News,"Newport News, VA",city,United States,US,37.0708|-76.4844,-76.4844|37.0708,-76.62797|-76.387647|-76.387647|-76.62797|36.960216|36.960216|37.220386|37.220386,Virginia
965747916987126000,2018-02-20T00:40:20Z,10076322,filler,"TIL CVS Caremark automatically rejects a second #tamiflu prescription for your kid in a given rolling 90 day window. 

Even if it‚Äôs for a different strain.

Even if called in by a doctor. 

Ouch. Poor sick kiddo! /cc @CVSHealth",Tweetbot for iŒüS,,,,FALSE,FALSE,2,0,tamiflu,,,,,,,,,,,,,122473388,CVSHealth,en,,,,,https://api.twitter.com/1.1/geo/id/bba15d635574b0b9.json,Jollyville,"Jollyville, TX",city,United States,US,|,|,-97.7852511|-97.718501|-97.718501|-97.7852511|30.4407872|30.4407872|30.473123|30.473123,Texas
965714904186581000,2018-02-19T22:29:09Z,15048470,psorensen,@PolitikMasFina I was diagnosed Flu B yesterday as well. At least there‚Äôs Tamiflu.  Hope you feel better soon.,Twitter for iPhone,965695417211085000,15872716,PolitikMasFina,FALSE,FALSE,1,0,,,,,,,,,,,,,,15872716,PolitikMasFina,en,,,,,https://api.twitter.com/1.1/geo/id/1d9a5370a355ab0c.json,Chicago,"Chicago, IL",city,United States,US,|,|,-87.940033|-87.523993|-87.523993|-87.940033|41.644102|41.644102|42.0230669|42.0230669,Illinois
965693523159868000,2018-02-19T21:04:12Z,216110112,david_lippman,.@AsaHutchinson opens with statement about flu. Removing pre-authorization for Tamiflu for Medicaid users.,Twitter for iPhone,,,,FALSE,FALSE,0,0,,,,,,,,,,,,,,269992801,AsaHutchinson,en,,,,,https://api.twitter.com/1.1/geo/id/45a45eb8e30e7b14.json,Little Rock,"Little Rock, AR",city,United States,US,|,|,-92.5215951|-92.1630491|-92.1630491|-92.5215951|34.6259499|34.6259499|34.8178224|34.8178224,Arkansas
965677031601197000,2018-02-19T19:58:40Z,805789092,aubbie725,"@bailessss Saturday night/Sunday....Sunday ‚Äî runny nose and allergic reaction to Tamiflu! Monday ‚Äî Fever, cough, stuffiness...I would say aches and pains, but my body hurts all over all the time, so I don‚Äôt really know...headache for sure!",Twitter for iPhone,965668923143270000,556440530,bailessss,FALSE,FALSE,1,0,,,,,,,,,,,,,,556440530,bailessss,en,,,,,https://api.twitter.com/1.1/geo/id/df1b6e7143e9c8d4.json,Lafayette,"Lafayette, IN",city,United States,US,|,|,-86.92488|-86.768625|-86.768625|-86.92488|40.339754|40.339754|40.474718|40.474718,Indiana
965662315042484000,2018-02-19T19:00:11Z,250344417,xriahhh,I refuse to take tamiflu again that shit damn near made to kill u cause wtf,Twitter for iPhone,,,,FALSE,FALSE,0,0,,,,,,,,,,,,,,,,en,,,,,https://api.twitter.com/1.1/geo/id/009df16b3d0834c7.json,Wright-Patterson Air Force Base,"Wright-Patterson Air Force Base, OH",city,United States,US,|,|,-84.122669|-84.0187502|-84.0187502|-84.122669|39.769967|39.769967|39.8431316|39.8431316,Ohio
965646778270876000,2018-02-19T17:58:27Z,36961405,A13xiaH,"#Motrin and #Tamiflu all around üò∑ @ Canastota, New York https://t.co/ioI5fpeaHY",Instagram,,,,FALSE,FALSE,0,0,Motrin|Tamiflu,,instagram.com/p/BfYzKy9lJHQ/,https://t.co/ioI5fpeaHY,https://www.instagram.com/p/BfYzKy9lJHQ/,,,,,,,,,,,en,,,,,https://api.twitter.com/1.1/geo/id/41380c34432c038f.json,Canastota,"Canastota, NY",city,United States,US,43.0808|-75.7536,-75.7536|43.0808,-75.775971|-75.721147|-75.721147|-75.775971|43.06047|43.06047|43.097681|43.097681,New York
965641561676681000,2018-02-19T17:37:43Z,60569724,cathywithwings,"@CDC_eHealth Okay, doc tested I was neg for flu test last Wed. I took z-pack for 5 days and today I am worse than last Wed. Too late for TamiFlu? I don't think I can even drive to doc to get it. Can you help? What can I do?",Twitter Web Client,,15587500,CDC_eHealth,FALSE,FALSE,0,0,,,,,,,,,,,,,,15587500,CDC_eHealth,en,,,,,https://api.twitter.com/1.1/geo/id/55b4f9e5c516e0b6.json,Orlando,"Orlando, FL",city,United States,US,|,|,-81.507905|-81.2276403|-81.2276403|-81.507905|28.3882177|28.3882177|28.615139|28.615139,Florida
965638052939993000,2018-02-19T17:23:47Z,191631632,lillieflickk,My doctors appointment can‚Äôt come soon enough. Gimme all da tamiflu üò©ü§ïüò∑,Twitter for iPhone,,,,FALSE,FALSE,1,0,,,,,,,,,,,,,,,,en,,,,,https://api.twitter.com/1.1/geo/id/fef01a8cb0eacb64.json,Akron,"Akron, OH",city,United States,US,|,|,-81.628444|-81.405059|-81.405059|-81.628444|40.995137|40.995137|41.166618|41.166618,Ohio
965636640277434000,2018-02-19T17:18:10Z,3523415655,pilldrbaumann,@cvspharmacy @CVSHealth why is it cheaper for me as an employee at CVS to get generic tamiflu at @Walgreens ??,Twitter for iPhone,,110775353,cvspharmacy,FALSE,FALSE,0,0,,,,,,,,,,,,,,110775353|122473388|46177695,cvspharmacy|CVSHealth|Walgreens,en,,,,,https://api.twitter.com/1.1/geo/id/f9eb63ab4f7dd5db.json,Smyrna,"Smyrna, TN",city,United States,US,|,|,-86.624429|-86.458783|-86.458783|-86.624429|35.879451|35.879451|36.029213|36.029213,Tennessee
965611824359137000,2018-02-19T15:39:33Z,766814151251419000,SweetTandTheTun,@Bezner @loriio Tamiflu and Mucinex.  Gabriel had it starting last Tuesday and with that combo only had 2.5 days of fever with congestion kept in control. Don't mess around with this flu.,Twitter for Android,965432295510479000,11810552,Bezner,FALSE,FALSE,2,0,,,,,,,,,,,,,,11810552|21610036,Bezner|loriio,en,,,,,https://api.twitter.com/1.1/geo/id/1c69a67ad480e1b1.json,Houston,"Houston, TX",city,United States,US,|,|,-95.823268|-95.069705|-95.069705|-95.823268|29.522325|29.522325|30.1546646|30.1546646,Texas
965608510921888000,2018-02-19T15:26:23Z,642083,jpmiller03,@Walgreens - can you help me understand why Tamiflu suspension is 300 dollars (with insurance @bcbssc)?,Tweetbot for Mac,,46177695,Walgreens,FALSE,FALSE,0,0,,,,,,,,,,,,,,46177695|36671504,Walgreens|bcbssc,en,,,,,https://api.twitter.com/1.1/geo/id/c3f37afa9efcf94b.json,Austin,"Austin, TX",city,United States,US,30.42140608|-97.76940309,-97.76940309|30.42140608,-97.928935|-97.5805133|-97.5805133|-97.928935|30.127892|30.127892|30.5187994|30.5187994,Texas
965570008934953000,2018-02-19T12:53:24Z,833454378,bubbachu1,"Pt: *has flu*
Pt: *doesnt take the Tamiflu we give them*
Pt: *comes back 2 days later upset* 
Pt: ‚ÄúYeah I‚Äôm still having flu symptoms and it‚Äôs getting worse.‚Äù

Me: https://t.co/X0J7YOw2Xv",Twitter for iPhone,,,,FALSE,FALSE,4,1,,,,,,http://pbs.twimg.com/tweet_video_thumb/DWZky-KXkAAVeLI.jpg,https://t.co/X0J7YOw2Xv,https://twitter.com/bubbachu1/status/965570008934952960/photo/1,photo,http://pbs.twimg.com/tweet_video_thumb/DWZky-KXkAAVeLI.jpg,https://t.co/X0J7YOw2Xv,https://twitter.com/bubbachu1/status/965570008934952960/photo/1,,,,en,,,,,https://api.twitter.com/1.1/geo/id/0116e3dc4e449b12.json,North Liberty,"North Liberty, IA",city,United States,US,|,|,-91.651462|-91.585481|-91.585481|-91.651462|41.71899|41.71899|41.7906562|41.7906562,Iowa
965487250757833000,2018-02-19T07:24:33Z,234512449,digzmania,Day #3 of the Flu: Still running a fever of 101.4¬∞F. I can't tell that the Tamiflu is making any difference. I still feel like crap. üò∑ #Influenza #sick #fever,Twitter for Android,,,,FALSE,FALSE,0,0,Influenza|sick|fever,,,,,,,,,,,,,,,en,,,,,https://api.twitter.com/1.1/geo/id/e4c447e00985824a.json,O'Fallon,"O'Fallon, MO",city,United States,US,|,|,-90.772734|-90.632554|-90.632554|-90.772734|38.71256|38.71256|38.846753|38.846753,Missouri
965432500070879000,2018-02-19T03:46:59Z,748140162,Irma_Aparicio,Shoutout to the pharmacist @cvspharmacy #7453 for helping me find #Tamiflu even if was at @Walgreens.,Twitter for iPhone,,,,FALSE,FALSE,4,1,Tamiflu,,,,,,,,,,,,,110775353|46177695,cvspharmacy|Walgreens,en,,,,,https://api.twitter.com/1.1/geo/id/488da0de4c92ac8e.json,Plano,"Plano, TX",city,United States,US,|,|,-96.85743|-96.612371|-96.612371|-96.85743|32.9971507|32.9971507|33.1253341|33.1253341,Texas
965391334109532000,2018-02-19T01:03:24Z,20660535,kennhoekstra,@ShoutTheBoogie Tamiflu worked wonders. Luckily I have avoided it so far. *knock on wood*,Twitter for Android,965378846555099000,1781953057,ShoutTheBoogie,FALSE,FALSE,1,0,,,,,,,,,,,,,,1781953057,ShoutTheBoogie,en,,,,,https://api.twitter.com/1.1/geo/id/7877b7cacbcfb0fd.json,Prairie du Sac,"Prairie du Sac, WI",city,United States,US,|,|,-89.7539667|-89.7150625|-89.7150625|-89.7539667|43.2818994|43.2818994|43.3003418|43.3003418,Wisconsin
965377621390430000,2018-02-19T00:08:55Z,4886123203,thetaylornd,So I‚Äôm three hours away from my Tamiflu and I didn‚Äôt take it this morning and LET ME TELL YALL I‚Äôm suffering rn,Twitter for iPhone,,,,FALSE,FALSE,1,0,,,,,,,,,,,,,,,,en,,,,,https://api.twitter.com/1.1/geo/id/42e46bc3663a4b5f.json,Fort Worth,"Fort Worth, TX",city,United States,US,|,|,-97.538285|-97.033542|-97.033542|-97.538285|32.569477|32.569477|32.990456|32.990456,Texas
965368951386657000,2018-02-18T23:34:28Z,872845494,Haley_alexa00,Everyone please pray for me. They diagnosed me with the flu type B today. Can‚Äôt go back to work until Fridayüòû Y‚Äôall please pray this tamiflu works for the best because I‚Äôm gonna miss my babies this week and I need to be better ASAP,Twitter for iPhone,,,,FALSE,FALSE,0,0,,,,,,,,,,,,,,,,en,,,,,https://api.twitter.com/1.1/geo/id/0063664128534363.json,Centre,"Centre, AL",city,United States,US,|,|,-85.7485221|-85.6100689|-85.6100689|-85.7485221|34.1331888|34.1331888|34.195269|34.195269,Alabama
965340958974993000,2018-02-18T21:43:14Z,212356660,AmyDoors,The new poster child for #Tamiflu #Gatorade #Mucinex Played his üíôout‚Ä¶ https://t.co/HegreVXnss,Instagram,,,,FALSE,FALSE,1,0,Tamiflu|Gatorade|Mucinex,,instagram.com/p/BfWoGdWl0Qw4‚Ä¶,https://t.co/HegreVXnss,https://www.instagram.com/p/BfWoGdWl0Qw4_Q34d4ded7R0Lxqj3aBjbw_LLE0/,,,,,,,,,,,en,,,,,https://api.twitter.com/1.1/geo/id/4eb16cb0a07b90b7.json,West Warwick,"West Warwick, RI",city,United States,US,41.70702603|-71.51534641,-71.51534641|41.70702603,-71.534441|-71.483383|-71.483383|-71.534441|41.661662|41.661662|41.7317748|41.7317748,Rhode Island
965266275311141000,2018-02-18T16:46:28Z,131978688,Tukulandia_,Do you want to shorten the duration of your flu but also want to throw up anything you‚Äôve eaten in the last 24 hours? Try Tamiflu!,Twitter for iPhone,,,,FALSE,FALSE,0,0,,,,,,,,,,,,,,,,en,,,,,https://api.twitter.com/1.1/geo/id/3b77caf94bfc81fe.json,Los Angeles,"Los Angeles, CA",city,United States,US,|,|,-118.668404|-118.155409|-118.155409|-118.668404|33.704538|33.704538|34.337041|34.337041,California
965252159611777000,2018-02-18T15:50:23Z,2345780316,seventyxseven91,"@Oceanofcapade That blows. I got put on tamiflu and something for the ear infection it caused, an inhaler because my lungs weren‚Äôt good and some cough medicine. Took me about 6 days total to get better, three after medications.",Twitter for iPhone,965250531089404000,393182873,Oceanofcapade,FALSE,FALSE,1,0,,,,,,,,,,,,,,393182873,Oceanofcapade,en,,,,,https://api.twitter.com/1.1/geo/id/9a974dfc8efb32a0.json,Kansas City,"Kansas City, MO",city,United States,US,|,|,-94.733122|-94.3854414|-94.3854414|-94.733122|38.868002|38.868002|39.332095|39.332095,Missouri
965250452198691000,2018-02-18T15:43:35Z,2345780316,seventyxseven91,@Oceanofcapade Did they put you on tamiflu?,Twitter for iPhone,965248283810595000,393182873,Oceanofcapade,FALSE,FALSE,0,0,,,,,,,,,,,,,,393182873,Oceanofcapade,en,,,,,https://api.twitter.com/1.1/geo/id/9a974dfc8efb32a0.json,Kansas City,"Kansas City, MO",city,United States,US,|,|,-94.733122|-94.3854414|-94.3854414|-94.733122|38.868002|38.868002|39.332095|39.332095,Missouri
965232089305158000,2018-02-18T14:30:37Z,14818703,ChrisWasselDFS,@airjan23 He washed his hands and took Tamiflu.,Twitter for iPhone,965231916436935000,15291213,airjan23,FALSE,FALSE,0,0,,,,,,,,,,,,,,15291213,airjan23,en,,,,,https://api.twitter.com/1.1/geo/id/9d22866e11c9b6b7.json,Rahway,"Rahway, NJ",city,United States,US,|,|,-74.305281|-74.255435|-74.255435|-74.305281|40.592141|40.592141|40.627526|40.627526,New Jersey
965113698179220000,2018-02-18T06:40:11Z,886037048242713000,KpopAuntieAnge,"@BlingBlingNRoo Take good care of yourself! If you get a fever, you should see a doctor because they could give you Tamiflu to help you get better if it‚Äôs the Flu. There‚Äôs such a bad strain going around now! I hope that you feel better soon üíö",Twitter for iPhone,965107222035423000,919652925827248000,BlingBlingNRoo,FALSE,FALSE,0,0,,,,,,,,,,,,,,919652925827248128,BlingBlingNRoo,en,,,,,https://api.twitter.com/1.1/geo/id/01a9a39529b27f36.json,Manhattan,"Manhattan, NY",city,United States,US,|,|,-74.026675|-73.910408|-73.910408|-74.026675|40.683935|40.683935|40.877483|40.877483,New York
965079883826303000,2018-02-18T04:25:49Z,155925863,Hi_Im_Becca,"@katrinaglick ‚ò∫‚ò∫‚ò∫‚ò∫ fun fact, tamiflu still cost $80 with insurance",Twitter for Android,965079611276132000,458907428,katrinaglick,FALSE,FALSE,0,0,,,,,,,,,,,,,,458907428,katrinaglick,en,,,,,https://api.twitter.com/1.1/geo/id/001bdb1154d55f66.json,Bowling Green,"Bowling Green, OH",city,United States,US,|,|,-83.690916|-83.6007019|-83.6007019|-83.690916|41.348047|41.348047|41.426132|41.426132,Ohio
965049941356769000,2018-02-18T02:26:50Z,249350476,SanDiegoMom,"@Heyyba Tamiflu. Lots of liquids. Sleep in a seated position, chest raised. Alternate fever reducers. Sleep/rest as much as possible. Call your MD if symptoms worsen or fever doesn't respond to meds.",Twitter for iPhone,965046154613461000,440803225,Heyyba,FALSE,FALSE,1,0,,,,,,,,,,,,,,440803225,Heyyba,en,,,,,https://api.twitter.com/1.1/geo/id/a592bd6ceb1319f7.json,San Diego,"San Diego, CA",city,United States,US,|,|,-117.282538|-116.9274403|-116.9274403|-117.282538|32.53962|32.53962|33.0804044|33.0804044,California
965034883625226000,2018-02-18T01:27:00Z,14525712,jamierowe,"Went to Dr office for a med refill... during pre-vist vitals, I was running a fever unbeknownst to me... I walked out with a tamiflu prescription. üòê I still refuse to participate in the flu.",Twitter for iPhone,,,,FALSE,FALSE,5,0,,,,,,,,,,,,,,,,en,,,,,https://api.twitter.com/1.1/geo/id/25e3e6ab4a0452ec.json,Columbia,"Columbia, TN",city,United States,US,|,|,-87.140081|-86.954623|-86.954623|-87.140081|35.571743|35.571743|35.701884|35.701884,Tennessee
965024107707490000,2018-02-18T00:44:11Z,250344417,xriahhh,Who had the flu and had tamiflu??,Twitter for iPhone,,,,FALSE,FALSE,0,0,,,,,,,,,,,,,,,,en,,,,,https://api.twitter.com/1.1/geo/id/009df16b3d0834c7.json,Wright-Patterson Air Force Base,"Wright-Patterson Air Force Base, OH",city,United States,US,|,|,-84.122669|-84.0187502|-84.0187502|-84.122669|39.769967|39.769967|39.8431316|39.8431316,Ohio
965019709556122000,2018-02-18T00:26:42Z,247914561,MrsDoubleshot,@TwoApostlesName Thanks! There‚Äôs so many cases of it around here that they aren‚Äôt even swabbing to test for it anymore; if you have symptoms they‚Äôre just handing you a prescription for Tamiflu and telling you to rest.,Twitter for iPhone,965018907462570000,888554056528134000,TwoApostlesName,FALSE,FALSE,1,0,,,,,,,,,,,,,,888554056528134144,TwoApostlesName,en,,,,,https://api.twitter.com/1.1/geo/id/9f4583bf6dae13c4.json,Springfield,"Springfield, MA",city,United States,US,|,|,-72.620117|-72.471052|-72.471052|-72.620117|42.06398|42.06398|42.162145|42.162145,Massachusetts
964947699513602000,2018-02-17T19:40:34Z,115111506,tbhogs,@BnB_SPJessa I‚Äôm taking tamiflu,Twitter for iPhone,964947542265029000,3232269415,BnB_SPJessa,FALSE,FALSE,1,0,,,,,,,,,,,,,,3232269415,BnB_SPJessa,en,,,,,https://api.twitter.com/1.1/geo/id/6479deb366513d06.json,Hoxie,"Hoxie, AR",city,United States,US,|,|,-90.999356|-90.957852|-90.957852|-90.999356|36.023647|36.023647|36.060998|36.060998,Arkansas
964885189372629000,2018-02-17T15:32:10Z,2506121089,megwri37,Godbless Tamiflu Godbless Tylenol Godbless my Angel Mother,Twitter for iPhone,,,,FALSE,FALSE,10,1,,,,,,,,,,,,,,,,en,,,,,https://api.twitter.com/1.1/geo/id/9282cebb613d9021.json,Myers Corner,"Myers Corner, NY",city,United States,US,|,|,-73.915816|-73.843066|-73.843066|-73.915816|41.574272|41.574272|41.643548|41.643548,New York
964614464300634000,2018-02-16T21:36:24Z,384491470,MellyFodigan,Once my tamiflu starts kicking in not fully curing the flu but ~*reducing*~ the flu $ymptom$ it's OVER for you hoes,Twitter for iPhone,,,,FALSE,FALSE,7,1,,ymptom,,,,,,,,,,,,,,en,,,,,https://api.twitter.com/1.1/geo/id/01fc705709b34e31.json,East Fishkill,"East Fishkill, NY",city,United States,US,|,|,-73.858866|-73.679219|-73.679219|-73.858866|41.513866|41.513866|41.641102|41.641102,New York
964614372910711000,2018-02-16T21:36:02Z,43833,danjlurie,"@neuroecology That was me on Monday. Beginning to come out of it now (thanks, Tamiflu). For me it was ice cream. God speed, sir.",Tweetbot for iŒüS,964610655239262000,636023721,neuroecology,FALSE,FALSE,1,0,,,,,,,,,,,,,,636023721,neuroecology,en,,,,,https://api.twitter.com/1.1/geo/id/5ef5b7f391e30aff.json,Berkeley,"Berkeley, CA",city,United States,US,|,|,-122.324818|-122.234225|-122.234225|-122.324818|37.8459532|37.8459532|37.905738|37.905738,California
964599067685937000,2018-02-16T20:35:13Z,358405104,Carlamarieoneil,"@Carlafacciolo @Carlafacciolo dont really know, but we are closing in on the peak of the flu, please dont take tamiflu!!",Twitter for Android,964559727077274000,266529472,Carlafacciolo,FALSE,FALSE,0,0,,,,,,,,,,,,,,266529472|266529472,Carlafacciolo|Carlafacciolo,en,,,,,https://api.twitter.com/1.1/geo/id/5b5792e69caa9268.json,Sherwood Manor,"Sherwood Manor, CT",city,United States,US,|,|,-72.5882607|-72.539259|-72.539259|-72.5882607|41.997766|41.997766|42.023724|42.023724,Connecticut
964584193958335000,2018-02-16T19:36:07Z,158049457,dougboneparth,Tamiflu for everyone! üò∑üíä#Flu2018,Twitter for iPhone,,,,FALSE,FALSE,6,1,Flu2018,,,,,,,,,,,,,,,en,,,,,https://api.twitter.com/1.1/geo/id/777dd5b3b30a625e.json,Westfield,"Westfield, NJ",city,United States,US,|,|,-74.379383|-74.313149|-74.313149|-74.379383|40.624437|40.624437|40.682332|40.682332,New Jersey
964570605466071000,2018-02-16T18:42:07Z,294648655,vivimbmd,@jamoulle @BCBSNC I remember. I had pneumonia following H1N1 during that 2009 summer outbreak.  Was sickest ever. Did not take tamiflu during that time. It is an N of 1. I live with an immunocompromised person and worry about viral shed as well,Twitter for iPhone,964513026174005000,70268942,jamoulle,FALSE,FALSE,0,0,,,,,,,,,,,,,,70268942|14835807,jamoulle|BCBSNC,en,,,,,https://api.twitter.com/1.1/geo/id/161d2f18e3a0445a.json,Raleigh,"Raleigh, NC",city,United States,US,|,|,-78.818343|-78.497331|-78.497331|-78.818343|35.7158045|35.7158045|35.9721579|35.9721579,North Carolina
964565691222413000,2018-02-16T18:22:36Z,14727589,ThreeLoudKids,"The flu is rampant here. (Not pictured Johns box of Tamiflu) ü§ßüò∑ü§í @ Round Rock, Texas https://t.co/BiAK26Dn0L",Instagram,,,,FALSE,FALSE,0,0,,,instagram.com/p/BfRHi4UlKby/,https://t.co/BiAK26Dn0L,https://www.instagram.com/p/BfRHi4UlKby/,,,,,,,,,,,en,,,,,https://api.twitter.com/1.1/geo/id/00c44eeb126d2fcd.json,Round Rock,"Round Rock, TX",city,United States,US,30.5149|-97.6726,-97.6726|30.5149,-97.755394|-97.59007|-97.59007|-97.755394|30.4684424|30.4684424|30.5702392|30.5702392,Texas
964513953098412000,2018-02-16T14:57:00Z,16068237,kengos,"A definitive ranking of names I‚Äôve seen twitter users call @TomiLahren 

9. Tammy
8. Tammi
7. Tami
6. Toni
5. Tamiflu 
4. Tanya Lasagna 
3. TAMANTHA
2. Tombstone
1. Tofu",Twitter for iPhone,,,,FALSE,FALSE,21,0,,,,,,,,,,,,,,468646961,TomiLahren,en,,,,,https://api.twitter.com/1.1/geo/id/01a9a39529b27f36.json,Manhattan,"Manhattan, NY",city,United States,US,|,|,-74.026675|-73.910408|-73.910408|-74.026675|40.683935|40.683935|40.877483|40.877483,New York
964325944713535000,2018-02-16T02:29:56Z,2598865886,AriaMeauxnay,@Annggellll Lol no don‚Äôt do tamiflu do the oscillo,Twitter for iPhone,964325603343307000,148031845,Annggellll,FALSE,FALSE,1,0,,,,,,,,,,,,,,148031845,Annggellll,en,,,,,https://api.twitter.com/1.1/geo/id/dd3b100831dd1763.json,New Orleans,"New Orleans, LA",city,United States,US,|,|,-90.137908|-89.884108|-89.884108|-90.137908|29.889574|29.889574|30.075628|30.075628,Louisiana
964322006702416000,2018-02-16T02:14:17Z,2598865886,AriaMeauxnay,@Annggellll Tamiflu is good so is this stuff. I just got over the flu had it for 3 weeks that shit tried to take me out üòÇ but the phosphate I got from my doctor. The Oscillo you can get from CVS it‚Äôs better than Tamiflu. https://t.co/y8TfPg0Rrw,Twitter for iPhone,964311918898008000,148031845,Annggellll,FALSE,FALSE,1,0,,,,,,http://pbs.twimg.com/media/DWH1rJ_VAAEMhCL.jpg,https://t.co/y8TfPg0Rrw,https://twitter.com/AriaMeauxnay/status/964322006702415873/photo/1,photo,http://pbs.twimg.com/media/DWH1rJ_VAAEMhCL.jpg|http://pbs.twimg.com/media/DWH1rKGVwAEJcWp.jpg,https://t.co/y8TfPg0Rrw|https://t.co/y8TfPg0Rrw,https://twitter.com/AriaMeauxnay/status/964322006702415873/photo/1|https://twitter.com/AriaMeauxnay/status/964322006702415873/photo/1,,148031845,Annggellll,en,,,,,https://api.twitter.com/1.1/geo/id/dd3b100831dd1763.json,New Orleans,"New Orleans, LA",city,United States,US,|,|,-90.137908|-89.884108|-89.884108|-90.137908|29.889574|29.889574|30.075628|30.075628,Louisiana
964301300547629000,2018-02-16T00:52:00Z,703820088399430000,501_Pharmacy,17 deaths between 2/4 and 2/10 brings NC flu deaths to 165. We have plenty of generic Tamiflu‚Ä¶ https://t.co/aErKfAEFcA,Instagram,,,,FALSE,FALSE,1,2,,,instagram.com/p/BfPPUKFAAe_/,https://t.co/aErKfAEFcA,https://www.instagram.com/p/BfPPUKFAAe_/,,,,,,,,,,,en,,,,,https://api.twitter.com/1.1/geo/id/23ebe811ea93fd41.json,Chapel Hill,"Chapel Hill, NC",city,United States,US,35.91572|-79.06188,-79.06188|35.91572,-79.0831529|-78.968887|-78.968887|-79.0831529|35.869376|35.869376|35.969507|35.969507,North Carolina
964298752134734000,2018-02-16T00:41:52Z,294648655,vivimbmd,Was diagnosed with the #flu earlier today. My doctor prescribed tamiflu and express scripts denies prescription due to @BCBSNC plan not allowing it before 365 days. They say I was treated in April 2017. #Flu2018 is not a season to throw barriers for therapy to treat flu,Twitter for iPhone,,,,FALSE,FALSE,17,10,flu|Flu2018,,,,,,,,,,,,,14835807,BCBSNC,en,,,,,https://api.twitter.com/1.1/geo/id/161d2f18e3a0445a.json,Raleigh,"Raleigh, NC",city,United States,US,|,|,-78.818343|-78.497331|-78.497331|-78.818343|35.7158045|35.7158045|35.9721579|35.9721579,North Carolina
964158292292526000,2018-02-15T15:23:44Z,143828369,lisaboban,"PSA: Stop getting medical advice from Facebook. 
https://t.co/CHRJiFX6M8",Twitter for Android,,,,FALSE,FALSE,0,0,,,snopes.com/tamiflu-causin‚Ä¶,https://t.co/CHRJiFX6M8,https://www.snopes.com/tamiflu-causing-increased-number-deaths-flu-season/,,,,,,,,,,,en,,,,,https://api.twitter.com/1.1/geo/id/1661ada9b2b18024.json,Wichita,"Wichita, KS",city,United States,US,|,|,-97.5349059|-97.152924|-97.152924|-97.5349059|37.562483|37.562483|37.80531|37.80531,Kansas
964140359151432000,2018-02-15T14:12:29Z,581552016,dorindastainba,"No, I don‚Äôt have any Tamiflu. It‚Äôs on backorder.",Twitter for iPhone,,,,FALSE,FALSE,0,0,,,,,,,,,,,,,,,,en,,,,,https://api.twitter.com/1.1/geo/id/84229b03659050aa.json,Virginia Beach,"Virginia Beach, VA",city,United States,US,|,|,-76.22808|-75.9118121|-75.9118121|-76.22808|36.672684|36.672684|36.932399|36.932399,Virginia
964124855485518000,2018-02-15T13:10:52Z,120801638,adelleborchetta,"Thank you Tamiflu and Zofran, I am on the place headed to Cancun! Knock on wood, I feel great‚Ä¶ https://t.co/pNrKFob7V1",Instagram,,,,FALSE,FALSE,0,0,,,instagram.com/p/BfN_E4kAoo9/,https://t.co/pNrKFob7V1,https://www.instagram.com/p/BfN_E4kAoo9/,,,,,,,,,,,en,,,,,https://api.twitter.com/1.1/geo/id/00ab941b685334e3.json,Nashville,"Nashville, TN",city,United States,US,36.1302623|-86.66950064,-86.66950064|36.1302623,-87.022482|-86.560616|-86.560616|-87.022482|35.9945681|35.9945681|36.405448|36.405448,Tennessee
963986923864908000,2018-02-15T04:02:47Z,559255890,jojo_young120,"@michelechase22 I‚Äôm already starting to feel better.  I was able to start #tamiflu within 12 hours of symptoms. Hoping that combined with getting flu shot, shortens and diminishes my symptoms!!  Thank you!!",Twitter for iPhone,963894847139664000,2182381748,michelechase22,FALSE,FALSE,2,0,tamiflu,,,,,,,,,,,,,2182381748,michelechase22,en,,,,,https://api.twitter.com/1.1/geo/id/04b4aca917b0103d.json,Independence,"Independence, MO",city,United States,US,|,|,-94.487114|-94.269551|-94.269551|-94.487114|39.01759|39.01759|39.158419|39.158419,Missouri
963970136129458000,2018-02-15T02:56:04Z,36715350,mckenziewestmor,@nicoleejarvis Hes doing better than me. His symptoms are mild thank God so he‚Äôs only doing tamiflu once a day. I‚Äôve been in the hospital twice now. My boy is 11 :),Twitter for iPhone,963952260660236000,505352014,nicoleejarvis,FALSE,FALSE,0,0,,,,,,,,,,,,,,505352014,nicoleejarvis,en,,,,,https://api.twitter.com/1.1/geo/id/3b77caf94bfc81fe.json,Los Angeles,"Los Angeles, CA",city,United States,US,|,|,-118.668404|-118.155409|-118.155409|-118.668404|33.704538|33.704538|34.337041|34.337041,California
963967153685791000,2018-02-15T02:44:13Z,10117672,revjenn,@Padandpeggy @GregoryHStrong Does your insurance cover Tamiflu? #slatereads,Twitter Web Client,963966278342988000,59141185,Padandpeggy,FALSE,FALSE,0,0,slatereads,,,,,,,,,,,,,59141185|11601942,Padandpeggy|GregoryHStrong,en,,,,,https://api.twitter.com/1.1/geo/id/c0b8e8dc81930292.json,Baltimore,"Baltimore, MD",city,United States,US,|,|,-76.7115205|-76.529443|-76.529443|-76.7115205|39.197211|39.197211|39.372215|39.372215,Maryland
963966016588935000,2018-02-15T02:39:42Z,43833,danjlurie,"@LorencElizabeth Maybe? Urgent care gave me Tamiflu, though I don‚Äôt know if the diagnosis is certain.",Tweetbot for iŒüS,963964282089095000,3389884869,LorencElizabeth,FALSE,FALSE,0,0,,,,,,,,,,,,,,3389884869,LorencElizabeth,en,,,,,https://api.twitter.com/1.1/geo/id/ab2f2fac83aa388d.json,Oakland,"Oakland, CA",city,United States,US,|,|,-122.34266|-122.114711|-122.114711|-122.34266|37.699279|37.699279|37.8847092|37.8847092,California
963961241600344000,2018-02-15T02:20:44Z,43833,danjlurie,Trying out a hot new winter look. I call it the Tamiflu. https://t.co/dC2vNpln8o,Tweetbot for iŒüS,,,,FALSE,FALSE,4,0,,,,,,http://pbs.twimg.com/media/DWCtoqsVAAAY-Fy.jpg,https://t.co/dC2vNpln8o,https://twitter.com/danjlurie/status/963961241600344064/photo/1,photo,http://pbs.twimg.com/media/DWCtoqsVAAAY-Fy.jpg,https://t.co/dC2vNpln8o,https://twitter.com/danjlurie/status/963961241600344064/photo/1,,,,en,,,,,https://api.twitter.com/1.1/geo/id/5ef5b7f391e30aff.json,Berkeley,"Berkeley, CA",city,United States,US,|,|,-122.324818|-122.234225|-122.234225|-122.324818|37.8459532|37.8459532|37.905738|37.905738,California
963945940011967000,2018-02-15T01:19:56Z,26021950,SouthernGrlBing,"Flu ain‚Äôt no joke!! Tamiflu, treatments, motrin and mommy love to‚Ä¶ https://t.co/8nk602orcq",Instagram,,,,FALSE,FALSE,0,0,,,instagram.com/p/BfMtt0BjC9v6‚Ä¶,https://t.co/8nk602orcq,https://www.instagram.com/p/BfMtt0BjC9v6PkxyGqdCbELHNxekgRfKSGqw1U0/,,,,,,,,,,,en,,,,,https://api.twitter.com/1.1/geo/id/e4a0d228eb6be76b.json,Philadelphia,"Philadelphia, PA",city,United States,US,39.95949295|-75.21761119,-75.21761119|39.95949295,-75.280284|-74.955712|-74.955712|-75.280284|39.871811|39.871811|40.13792|40.13792,Pennsylvania
963937608408683000,2018-02-15T00:46:49Z,471883962,Nesara311T,"FACT CHECK: Is Tamiflu Causing An Increased Number of Deaths This Flu Season?

https://t.co/h5CETYnoqq

Shared from my Google feed",Twitter for Android,,,,FALSE,FALSE,0,0,,,search.app.goo.gl/99Gq,https://t.co/h5CETYnoqq,https://search.app.goo.gl/99Gq,,,,,,,,,,,en,,,,,https://api.twitter.com/1.1/geo/id/5eb3ae9f864308f6.json,Winston,"Winston, FL",city,United States,US,|,|,-82.056058|-81.9818703|-81.9818703|-82.056058|28.025279|28.025279|28.0705358|28.0705358,Florida
963873025471996000,2018-02-14T20:30:11Z,357727325,TMcMillen72,Flu sucks. But tamiflu sucks even more,Twitter for iPhone,,,,FALSE,FALSE,2,0,,,,,,,,,,,,,,,,en,,,,,https://api.twitter.com/1.1/geo/id/27de1a6e27075587.json,Norman,"Norman, OK",city,United States,US,|,|,-97.51982|-97.370527|-97.370527|-97.51982|35.15327|35.15327|35.291332|35.291332,Oklahoma
963852789645529000,2018-02-14T19:09:47Z,731734710,chefiguana,Good news: Generic Tamiflu only $10. Bad news: I need Tamiflu,Twitter for iPhone,,,,FALSE,FALSE,0,0,,,,,,,,,,,,,,,,en,,,,,https://api.twitter.com/1.1/geo/id/c3f37afa9efcf94b.json,Austin,"Austin, TX",city,United States,US,|,|,-97.928935|-97.5805133|-97.5805133|-97.928935|30.127892|30.127892|30.5187994|30.5187994,Texas
963814796184322000,2018-02-14T16:38:48Z,36715350,mckenziewestmor,@silyrabbt @12MenAnd3Cats Thank you!! I‚Äôm breathing a little better today but put on bed rest. My kiddo started tamiflu last night as did my parents üôèüèº,Twitter for iPhone,963631485709406000,1388719718,silyrabbt,FALSE,FALSE,1,0,,,,,,,,,,,,,,1388719718|2398602894,silyrabbt|12MenAnd3Cats,en,,,,,https://api.twitter.com/1.1/geo/id/3b77caf94bfc81fe.json,Los Angeles,"Los Angeles, CA",city,United States,US,|,|,-118.668404|-118.155409|-118.155409|-118.668404|33.704538|33.704538|34.337041|34.337041,California
963764734087582000,2018-02-14T13:19:53Z,779119190171066000,YodaPond,"@DevorahLeah It is indeed sad; I hope your husband feels better soon. This story broke my heart, especially since most, if not all, teachers and their families make these budgetary choices all of the time: https://t.co/5DPr3Ijdww",Twitter Web Client,963582086471963000,15755592,DevorahLeah,FALSE,FALSE,0,0,,,usatoday.com/story/news/nat‚Ä¶,https://t.co/5DPr3Ijdww,https://www.usatoday.com/story/news/nation-now/2018/02/13/texas-teacher-dies-after-opting-out-tamiflu-because-costly-116-copay/332340002/,,,,,,,,,15755592,DevorahLeah,en,,,,,https://api.twitter.com/1.1/geo/id/553011a282a18fb5.json,University,"University, FL",city,United States,US,|,|,-82.45491|-82.4098119|-82.4098119|-82.45491|28.054805|28.054805|28.098918|28.098918,Florida
963677832005276000,2018-02-14T07:34:34Z,1325501882,BLifeGarland,"Tamiflu sent son into rage, mom says https://t.co/NNgn1Thxzg",BubbleLife,,,,FALSE,FALSE,0,0,,,bubly.us/qsZv,https://t.co/NNgn1Thxzg,http://bubly.us/qsZv,,,,,,,,,,,en,,,,,https://api.twitter.com/1.1/geo/id/7c01d867b8e8c494.json,Garland,"Garland, TX",city,United States,US,32.92520142|-96.62249756,-96.62249756|32.92520142,-96.706144|-96.537124|-96.537124|-96.706144|32.829815|32.829815|32.985469|32.985469,Texas
963630384738128000,2018-02-14T04:26:01Z,2471876696,alexander4344,@cnbkta We gotta get this man some tamiflu ASAP,Twitter for iPhone,963630070182089000,831647508338205000,cnbkta,FALSE,FALSE,1,1,,,,,,,,,,,,,,831647508338204672,cnbkta,en,,,,,https://api.twitter.com/1.1/geo/id/7fbac95847df5212.json,Lake Worth,"Lake Worth, TX",city,United States,US,|,|,-97.4517694|-97.4072836|-97.4072836|-97.4517694|32.798381|32.798381|32.824562|32.824562,Texas
963627511371502000,2018-02-14T04:14:36Z,1405263990,megannlively,"#Adulting:
Giving each other #Tamiflu for #ValentinesDay instead of #chocolate. Spring, I am beginning to think you have failed us. Come quickly. The #daffodils are about to #bloom. @tbhadulting https://t.co/1AZ0CdmjqX",Twitter for iPhone,,,,FALSE,FALSE,3,0,Adulting|Tamiflu|ValentinesDay|chocolate|daffodils|bloom,,,,,http://pbs.twimg.com/tweet_video_thumb/DV9-Gv3WsAAXtw4.jpg,https://t.co/1AZ0CdmjqX,https://twitter.com/megannlively/status/963627511371501568/photo/1,photo,http://pbs.twimg.com/tweet_video_thumb/DV9-Gv3WsAAXtw4.jpg,https://t.co/1AZ0CdmjqX,https://twitter.com/megannlively/status/963627511371501568/photo/1,,903380796085501952,tbhadulting,en,,,,,https://api.twitter.com/1.1/geo/id/551f529f172a516a.json,Wilson,"Wilson, NC",city,United States,US,|,|,-77.990547|-77.872166|-77.872166|-77.990547|35.682149|35.682149|35.7952073|35.7952073,North Carolina
963627454022627000,2018-02-14T04:14:23Z,545765589,acdblueheeler,"@RoseAnnDeMoro @johncusack @USofCare @HCNow @OurRevolution @PDAHCare @healthcareforCA @Bernlennials @KatrinaNation @VanJones68 @MarkRuffalo @ninaturner @NomikiKonst Hoffman-LaRoche Inc maximizes their profit on Tamiflu knowing that exorbitant prices will result in avoidable deaths.  Profits over people; it's not personal, it's just bidness.  Evidently not worried that ppl are dying in need of Tamiflu.",Twitter for Android,963580835889758000,573842268,RoseAnnDeMoro,FALSE,FALSE,3,0,,,,,,,,,,,,,,573842268|17017636|958128750960566272|197524784|753623149929869312|2680936140|329169431|3337804853|59159771|131497030|47285504|188793260|16879936,RoseAnnDeMoro|johncusack|USofCare|HCNow|OurRevolution|PDAHCare|healthcareforCA|Bernlennials|KatrinaNation|VanJones68|MarkRuffalo|ninaturner|NomikiKonst,en,,,,,https://api.twitter.com/1.1/geo/id/41647560efe1db77.json,Pasco,"Pasco, WA",city,United States,US,|,|,-119.230869|-119.033335|-119.033335|-119.230869|46.198319|46.198319|46.292793|46.292793,Washington
963625249995502000,2018-02-14T04:05:37Z,304754865,LABLUESUE,@Reinita625 I gave up and went to Tamiflu today. #sickofbeingsick,Twitter for iPhone,963612113217380000,22528316,Reinita625,FALSE,FALSE,0,0,sickofbeingsick,,,,,,,,,,,,,22528316,Reinita625,en,,,,,https://api.twitter.com/1.1/geo/id/00f6108b76d19e38.json,Pleasant Valley,"Pleasant Valley, NV",city,United States,US,|,|,-119.790015|-119.752191|-119.752191|-119.790015|39.341848|39.341848|39.365292|39.365292,Nevada
963623494335517000,2018-02-14T03:58:38Z,851251189,LivePdBlueLine,@ChristieRN35 @CrownNatalie @sage_lake7 @DKrymski @MorgeHeather83 @Sgt_LarkinsGang @MelissaVocke @whitwhit78 @DonnaJamesRye68 @LTDansCrew @JoyPearson13 @mcmurphyOUfan @Kennedy888B I was in the hospital in July to Mid August with Meningitis(16 Days) then the flu and pneumonia for 19days in January. They had me on a slew of antibiotics including tamiflu,Twitter for iPhone,963622876501946000,28504618,ChristieRN35,FALSE,FALSE,4,0,,,,,,,,,,,,,,28504618|31073748|918523053377802240|2885304341|886066492374044674|923426535691902977|622338283|257945612|3409576455|893523695154544640|1592286702|1850990120|838865410225123328,ChristieRN35|CrownNatalie|sage_lake7|DKrymski|MorgeHeather83|Sgt_LarkinsGang|MelissaVocke|whitwhit78|DonnaJamesRye68|LTDansCrew|JoyPearson13|mcmurphyOUfan|Kennedy888B,en,,,,,https://api.twitter.com/1.1/geo/id/c4dd2689dface958.json,Fort Plain,"Fort Plain, NY",city,United States,US,|,|,-74.646461|-74.607715|-74.607715|-74.646461|42.916778|42.916778|42.942323|42.942323,New York
963609006026535000,2018-02-14T03:01:04Z,39166646,TheTomGeorge,"Cost of #Tamiflu averaging around $100, making it unaffordable for many people, but there are some tips to save money @KTNV @DrDaliah: https://t.co/EKJzLFnYBz",Twitter for iPhone,,,,FALSE,FALSE,5,4,Tamiflu,,ktnv.com/news/flu-suffe‚Ä¶,https://t.co/EKJzLFnYBz,https://www.ktnv.com/news/flu-sufferers-worried-about-steep-price-of-tamiflu,,,,,,,,,16396368|24471478,KTNV|DrDaliah,en,,,,,https://api.twitter.com/1.1/geo/id/5c2b5e46ab891f07.json,Las Vegas,"Las Vegas, NV",city,United States,US,|,|,-115.384091|-115.062159|-115.062159|-115.384091|36.129459|36.129459|36.336371|36.336371,Nevada
963606315493937000,2018-02-14T02:50:23Z,95094652,_erock,So #Texas teachers can afford Tamiflu if they get the flu! https://t.co/i4ROiIM1ob,Twitter for iPhone,,,,TRUE,FALSE,0,0,Texas,,twitter.com/randrewwhite/s‚Ä¶,https://t.co/i4ROiIM1ob,https://twitter.com/randrewwhite/status/963581252749221894,,,,,,,,,,,en,963581252749222000,"We need to reform the education system, and we need to pay teachers fairly. I will invest in public school districts, not voucher programs. I will build strong pre-K programs and vocational training for high school students. #BexarDemDebate #DoRightTX",,,https://api.twitter.com/1.1/geo/id/1c69a67ad480e1b1.json,Houston,"Houston, TX",city,United States,US,|,|,-95.823268|-95.069705|-95.069705|-95.823268|29.522325|29.522325|30.1546646|30.1546646,Texas
963602583674937000,2018-02-14T02:35:33Z,96230455,ABC7Suiters,"This article has a nearly hour by hour description of exactly what happened. Whether Tamiflu would have saved her life if taken earlier, we will never know. But we do know the cost was an initial deterrent. https://t.co/77Lm04u1Yb https://t.co/xOw8b8vmCL",Twitter for iPhone,,,,TRUE,FALSE,0,0,,,wsj.com/articles/a-mot‚Ä¶|twitter.com/victorb123/sta‚Ä¶,https://t.co/77Lm04u1Yb|https://t.co/xOw8b8vmCL,https://www.wsj.com/articles/a-mothers-six-day-struggle-with-americas-deadly-flu-1518196692|https://twitter.com/victorb123/status/963561135038390272,,,,,,,,,,,en,963561135038390000,"@ABC7Suiters Article on Tamiflu has an inaccuracy:  "" Heather Holland, a teacher and mother who was prescribed Tamiflu, but she objected to the high cost, a $116 co-pay, and so didn‚Äôt take it out of principle.""  ... 1/2",,,https://api.twitter.com/1.1/geo/id/319ee7b36c9149da.json,Arlington,"Arlington, VA",city,United States,US,|,|,-77.172219|-77.031779|-77.031779|-77.172219|38.827378|38.827378|38.934311|38.934311,Virginia
963576509976912000,2018-02-14T00:51:57Z,39166646,TheTomGeorge,"#Tamiflu can cost around $100 out of pocket - tonight on @KTNV at 6,
some other options to save you money and have you fight the flu this season https://t.co/BdYk8yNQvL",Twitter for iPhone,,,,TRUE,FALSE,3,1,Tamiflu,,twitter.com/drdaliah/statu‚Ä¶,https://t.co/BdYk8yNQvL,https://twitter.com/drdaliah/status/963574419842125824,,,,,,,,,16396368,KTNV,en,963574419842126000,Will be on @KTNV News 13 later tonight with @TheTomGeorge discussing your options if Tamiflu costs too much to treat your flu.,,,https://api.twitter.com/1.1/geo/id/8fa6d7a33b83ef26.json,Paradise,"Paradise, NV",city,United States,US,|,|,-115.2092535|-115.0610763|-115.0610763|-115.2092535|35.984784|35.984784|36.137145|36.137145,Nevada
963560305845469000,2018-02-13T23:47:33Z,100286410,proctorink,Only in the USA can can the profits for prescription drugs outweigh the importance of saving a human life. #shameful #RIPfluvictims #epipens #Tamiflu,Twitter for Android,,,,FALSE,FALSE,0,0,shameful|RIPfluvictims|epipens|Tamiflu,,,,,,,,,,,,,,,en,,,,,https://api.twitter.com/1.1/geo/id/fd498172dc3d56c8.json,Holly Springs,"Holly Springs, GA",city,United States,US,|,|,-84.5275221|-84.438354|-84.438354|-84.5275221|34.1265164|34.1265164|34.197377|34.197377,Georgia
963555780384494000,2018-02-13T23:29:34Z,16272924,victorbroccoli,@Brocktarrr You going to get tamiflu?,Twitter for Android,963555676512498000,16272924,victorbroccoli,FALSE,FALSE,0,0,,,,,,,,,,,,,,293175641,Brocktarrr,en,,,,,https://api.twitter.com/1.1/geo/id/de7b13455f6b23f3.json,Cranford,"Cranford, NJ",city,United States,US,|,|,-74.327484|-74.28071|-74.28071|-74.327484|40.633736|40.633736|40.67891|40.67891,New Jersey
963522718518804000,2018-02-13T21:18:12Z,35735966,35start,@OKnox It‚Äôs a nasty nasty flu.  Tamiflu given to all residents in my Moms NYS Nursing facility even though they all had their flu shots in November.,Twitter for iPad,963521831759213000,11771512,OKnox,FALSE,FALSE,0,0,,,,,,,,,,,,,,11771512,OKnox,en,,,,,https://api.twitter.com/1.1/geo/id/5c62ffb0f0f3479d.json,Phoenix,"Phoenix, AZ",city,United States,US,|,|,-112.3239143|-111.9254391|-111.9254391|-112.3239143|33.29026|33.29026|33.8154652|33.8154652,Arizona
963515521894302000,2018-02-13T20:49:36Z,19366646,NewsLeaderNOW,Texas teacher dies after opting out of Tamiflu because of costly $116 copay https://t.co/Le2RaHcp4D https://t.co/oOCd15ERaD,dlvr.it,,,,FALSE,FALSE,0,0,,,stnva.nl/2BVP9CJ,https://t.co/Le2RaHcp4D,https://stnva.nl/2BVP9CJ,http://pbs.twimg.com/media/DV8YQokU0AAbOtC.jpg,https://t.co/oOCd15ERaD,https://twitter.com/NewsLeaderNOW/status/963515521894301696/photo/1,photo,http://pbs.twimg.com/media/DV8YQokU0AAbOtC.jpg,https://t.co/oOCd15ERaD,https://twitter.com/NewsLeaderNOW/status/963515521894301696/photo/1,,,,en,,,,,https://api.twitter.com/1.1/geo/id/d72afa3c3f1d73af.json,Staunton,"Staunton, VA",city,United States,US,38.1500695|-79.0735978,-79.0735978|38.1500695,-79.113516|-79.012337|-79.012337|-79.113516|38.121322|38.121322|38.190201|38.190201,Virginia
963480180936401000,2018-02-13T18:29:10Z,2304276574,77hpd,Tamiflu is DAMN EXPENSIVE!   WTH gouge  much?,Twitter for iPhone,,,,FALSE,FALSE,1,0,,,,,,,,,,,,,,,,en,,,,,https://api.twitter.com/1.1/geo/id/d4f00e013186b461.json,Elkridge,"Elkridge, MD",city,United States,US,|,|,-76.80445|-76.696328|-76.696328|-76.80445|39.162427|39.162427|39.251056|39.251056,Maryland
963466953590485000,2018-02-13T17:36:36Z,920362566,AprilAPMarie,"Tamiflu is NEVER going to be taken by me, FYI! poison.",Twitter for iPhone,,,,FALSE,FALSE,0,0,,,,,,,,,,,,,,,,en,,,,,https://api.twitter.com/1.1/geo/id/42e46bc3663a4b5f.json,Fort Worth,"Fort Worth, TX",city,United States,US,|,|,-97.538285|-97.033542|-97.033542|-97.538285|32.569477|32.569477|32.990456|32.990456,Texas
963466361354773000,2018-02-13T17:34:15Z,920362566,AprilAPMarie,So I am running with a theory but need some help..... How much has everyone paid for a prescription of Tamiflu? #Retweet #Flu #Influenza #Tamiflu #ExcessiveInCost #Pricing #Prescription please retweet with response.,Twitter for iPhone,,,,FALSE,FALSE,0,0,Retweet|Flu|Influenza|Tamiflu|ExcessiveInCost|Pricing|Prescription,,,,,,,,,,,,,,,en,,,,,https://api.twitter.com/1.1/geo/id/42e46bc3663a4b5f.json,Fort Worth,"Fort Worth, TX",city,United States,US,|,|,-97.538285|-97.033542|-97.033542|-97.538285|32.569477|32.569477|32.990456|32.990456,Texas
963444453758460000,2018-02-13T16:07:12Z,951677293679690000,Skygon59,@360_trader caught the flu for the first time in idk how long..been down and out since Friday night went to urgent care on Monday and feeling better now after taking tamiflu..funny my wife told me to ‚Äútough it out‚Äù and not take the medication..glad I didn‚Äôt listen to #wifeknowseverything,Twitter for iPhone,963236776751043000,863386372119433000,360_trader,FALSE,FALSE,1,0,wifeknowseverything,,,,,,,,,,,,,863386372119433216,360_trader,en,,,,,https://api.twitter.com/1.1/geo/id/00c39537733fa112.json,Queens,"Queens, NY",city,United States,US,|,|,-73.962582|-73.699793|-73.699793|-73.962582|40.541722|40.541722|40.8000371|40.8000371,New York
963442328600945000,2018-02-13T15:58:45Z,3282806659,garefino,@GMA @LinzieJanis Tamiflu shouldn‚Äôt cost Americans $100.00 it‚Äôs disgusting!,Twitter for iPhone,963387147972526000,22650211,GMA,FALSE,FALSE,0,0,,,,,,,,,,,,,,22650211|467194649,GMA|LinzieJanis,en,,,,,https://api.twitter.com/1.1/geo/id/3b77caf94bfc81fe.json,Los Angeles,"Los Angeles, CA",city,United States,US,|,|,-118.668404|-118.155409|-118.155409|-118.668404|33.704538|33.704538|34.337041|34.337041,California
963424575315837000,2018-02-13T14:48:12Z,19366646,NewsLeaderNOW,Texas teacher dies after opting out of Tamiflu because of costly $116 copay https://t.co/qrxACJw3sl https://t.co/vDt180vUfk,dlvr.it,,,,FALSE,FALSE,0,0,,,stnva.nl/2BsZQf7,https://t.co/qrxACJw3sl,https://stnva.nl/2BsZQf7,http://pbs.twimg.com/media/DV7FixjVMAAlRea.jpg,https://t.co/vDt180vUfk,https://twitter.com/NewsLeaderNOW/status/963424575315836928/photo/1,photo,http://pbs.twimg.com/media/DV7FixjVMAAlRea.jpg,https://t.co/vDt180vUfk,https://twitter.com/NewsLeaderNOW/status/963424575315836928/photo/1,,,,en,,,,,https://api.twitter.com/1.1/geo/id/d72afa3c3f1d73af.json,Staunton,"Staunton, VA",city,United States,US,38.1500695|-79.0735978,-79.0735978|38.1500695,-79.113516|-79.012337|-79.012337|-79.113516|38.121322|38.121322|38.190201|38.190201,Virginia
963423103215899000,2018-02-13T14:42:21Z,309217219,rachyroooriley,"@Sandra_Mercer I had a fever and multiple of the flu symptoms and the nurse was like I don‚Äôt think you have the flu so if the test comes back positive then I‚Äôll put you on tamiflu, if not then we‚Äôll just say you have something, we don‚Äôt know what that is so just sleep and rest. üôÉ I had it tho",Twitter for iPhone,963417664378102000,420657097,Sandra_Mercer,FALSE,FALSE,2,0,,,,,,,,,,,,,,420657097,Sandra_Mercer,en,,,,,https://api.twitter.com/1.1/geo/id/cf848080bb26dc39.json,Wakefield,"Wakefield, MA",city,United States,US,|,|,-71.100033|-71.035299|-71.035299|-71.100033|42.471654|42.471654|42.530917|42.530917,Massachusetts
963400290325156000,2018-02-13T13:11:42Z,580813247,photosbyjose,"@louisa_ip @RobbieBeTweetin @GoldsGossip @JTMann05 @realDonaldTrump @foxandfriends There are many people dying of the flu and people can't afford Tamiflu, what are they going to do about it?",Twitter for iPhone,963066448179552000,1672457455,louisa_ip,FALSE,FALSE,1,0,,,,,,,,,,,,,,1672457455|849250832172425217|927938153670938626|46302096|25073877|15513604,louisa_ip|RobbieBeTweetin|GoldsGossip|JTMann05|realDonaldTrump|foxandfriends,en,,,,,https://api.twitter.com/1.1/geo/id/9e27ffe7ca397c0a.json,Town 'n' Country,"Town 'n' Country, FL",city,United States,US,|,|,-82.649284|-82.525493|-82.525493|-82.649284|27.968367|27.968367|28.039978|28.039978,Florida
963359986762990000,2018-02-13T10:31:33Z,25435109,CherneyAmharaTV,"Tamiflu has literally made It impossible to sleep, this is why I hate taking prescription meds, but everyone and their mom keeps sharing articles with me, inferring that I‚Äôm gonna die if I don‚Äôt take it! üò∑",Twitter for iPhone,,,,FALSE,FALSE,0,0,,,,,,,,,,,,,,,,en,,,,,https://api.twitter.com/1.1/geo/id/0e2242eb8691df96.json,Henderson,"Henderson, NV",city,United States,US,|,|,-115.1581427|-114.918531|-114.918531|-115.1581427|35.917793|35.917793|36.094719|36.094719,Nevada
963308000680251000,2018-02-13T07:04:59Z,314989632,allhail_evan,Stop taking tamiflu it has a side effect of death also. https://t.co/MGgspE6UAD,Twitter for iPhone,,,,TRUE,FALSE,0,0,,,twitter.com/nasmaraj/statu‚Ä¶,https://t.co/MGgspE6UAD,https://twitter.com/nasmaraj/status/962695105068093440,,,,,,,,,,,en,962695105068094000,"y‚Äôall remember when america was scared of ebola and only 2 americans died from it? well the flu is currently killing 4,000 americans a week.",,,https://api.twitter.com/1.1/geo/id/7bc33682b217b5a1.json,Carrollton,"Carrollton, GA",city,United States,US,|,|,-85.128063|-85.009976|-85.009976|-85.128063|33.52676|33.52676|33.6334025|33.6334025,Georgia
963289578810552000,2018-02-13T05:51:47Z,1945129729,littlelostsunny,"@mckenziewestmor zero percent chance I'd risk it.  if they test positive for flu, then yes to Tamiflu.",Twitter Web Client,963286303230935000,36715350,mckenziewestmor,FALSE,FALSE,1,0,,,,,,,,,,,,,,36715350,mckenziewestmor,en,,,,,https://api.twitter.com/1.1/geo/id/361610d5aa1f6719.json,Conroe,"Conroe, TX",city,United States,US,|,|,-95.679001|-95.3972667|-95.3972667|-95.679001|30.23105|30.23105|30.443978|30.443978,Texas
963286303230935000,2018-02-13T05:38:46Z,36715350,mckenziewestmor,Because I‚Äôm up using a nebulizer I love to hear everyone‚Äôs opinions. Kids...to tamiflu or not. Now mine is showing no symptoms and hopefully stays that way but curious what you all think? My thoughts while I breath! üòÅüò∑,Twitter for iPhone,,,,FALSE,FALSE,41,4,,,,,,,,,,,,,,,,en,,,,,https://api.twitter.com/1.1/geo/id/3b77caf94bfc81fe.json,Los Angeles,"Los Angeles, CA",city,United States,US,|,|,-118.668404|-118.155409|-118.155409|-118.668404|33.704538|33.704538|34.337041|34.337041,California
963283238159573000,2018-02-13T05:26:35Z,476004874,ravenambers,Cost of #Tamiflu means some patients go without. How much have you had to pay for the medication? https://t.co/2VWMeGEBxj,Twitter for iPhone,,,,FALSE,FALSE,0,0,Tamiflu,,cbsaustin.com/news/local/cos‚Ä¶,https://t.co/2VWMeGEBxj,http://cbsaustin.com/news/local/cost-of-tamiflu-means-some-patients-go-without,,,,,,,,,,,en,,,,,https://api.twitter.com/1.1/geo/id/c3f37afa9efcf94b.json,Austin,"Austin, TX",city,United States,US,|,|,-97.928935|-97.5805133|-97.5805133|-97.928935|30.127892|30.127892|30.5187994|30.5187994,Texas
963281774900949000,2018-02-13T05:20:46Z,130183229,tammybangs,"This flu is pretty horrible - IJS. 
Oh and the liquid @Tamiflu tastes like the devil‚Äôs elixir, per my 8yo. ü§Æü§¢#fluseason #Flu2018 #Tamiflu",Twitter for iPhone,,,,FALSE,FALSE,1,0,fluseason|Flu2018|Tamiflu,,,,,,,,,,,,,276368864,tamiflu,en,,,,,https://api.twitter.com/1.1/geo/id/005d9455753e7700.json,Parker,"Parker, CO",city,United States,US,|,|,-104.813236|-104.708485|-104.708485|-104.813236|39.478431|39.478431|39.568631|39.568631,Colorado
963278927312671000,2018-02-13T05:09:27Z,751434137010049000,DeannaS333,@Violetskyye @AsperGirl @JonJusth @extremecdn @bettypge69 @Last_Runner_Up @WhyNot_RESISTS @KeepLadyWarm @1SKERKRO @MayReidel @tngsmama @honeyspctacular @heretical_1 @hazemorton @Sbuttsie @therealchelcy @suzzysmiles2 @Susannow3 @exoticgamora @Cruellaisdevine @VABlueBelle17 @AHamiltonSpirit @VoicesResisting @AMluvinit2 @SpiderLegs120 @alliewen21 @Adorable_Snurd @hazel_laureen @StormResist @ChloeResists @PinkRavenRoth @VanillaSkyTomC @WTFisGoingOnDon @jake_snowflake @joimonki @Chihiro_NoFace @Pajjr2016 @kmomonahan @LunaLuvgood2017 @Karen_LHL @IzJustMyOpinion @TaoOfPooh @LiberalProg @DeeDeeSchwartz3 @Gioiosa707 @AntiGOPActivist @BearmanShannon @BJSquirrel @Bella_ofA @Phillybred13 Thank you. I got a Tamiflu Rx easily bc I‚Äôm a nurse but this is good advice for others. You‚Äôre very kind.,Twitter for iPhone,963277706006643000,21779437,Violetskyye,FALSE,FALSE,3,1,,,,,,,,,,,,,,21779437|2192341766|705299120|3329332379|29973860|2805934129|2240258598|883169017225195520|15964942|58247771|313172711|829481216629895168|724318000178827264|36937675|1632064058|315871784|958269303480111104|845833560611340293|886032877011558400|2211730434|823528762117537792|893911625375387649|35830479|869707952759898113|913485110858665984|937102921065406464|825091341000572928|843556423548067840|916049596262092802|845809027967692801|723451571833585664|11101742|933733237159026688|824877094236680192|796849197840531456|861927176|392102276|2918161040|881569857283739652|3535835608|45283825|743941203205492736|820412121221472257|36430338|1040771412|772927160990433280|146565235|468851612|826114502101962752,Violetskyye|AsperGirl|JonJusth|extremecdn|bettypge69|WhyNot_RESISTS|KeepLadyWarm|1SKERKRO|MayReidel|tngsmama|honeyspctacular|heretical_1|hazemorton|Sbuttsie|therealchelcy|suzzysmiles2|Susannow3|exoticgamora|Cruellaisdevine|VABlueBelle17|AHamiltonSpirit|VoicesResisting|AMluvinit2|SpiderLegs120|alliewen21|Adorable_Snurd|hazel_laureen|StormResist|ChloeResists|PinkRavenRoth|VanillaSkyTomC|WTFisGoingOnDon|jake_snowflake|joimonki|Chihiro_NoFace|Pajjr2016|kmomonahan|LunaLuvgood2017|Karen_LHL|IzJustMyOpinion|TaoOfPooh|LiberalProg|DeeDeeSchwartz3|Gioiosa707|AntiGOPActivist|BearmanShannon|BJSquirrel|Bella_ofA|Phillybred13,en,,,,,https://api.twitter.com/1.1/geo/id/00c3e46c3d0cac08.json,Frisco,"Frisco, TX",city,United States,US,|,|,-96.937783|-96.7327146|-96.7327146|-96.937783|33.081206|33.081206|33.219073|33.219073,Texas
963262109818741000,2018-02-13T04:02:38Z,224781882,LeftyMarlins,@mfenn48 Can you perscribe me Tamiflu,Twitter for iPhone,963223610159596000,416766277,mfenn48,FALSE,FALSE,0,0,,,,,,,,,,,,,,416766277,mfenn48,en,,,,,https://api.twitter.com/1.1/geo/id/01a9a39529b27f36.json,Manhattan,"Manhattan, NY",city,United States,US,|,|,-74.026675|-73.910408|-73.910408|-74.026675|40.683935|40.683935|40.877483|40.877483,New York
963242117303820000,2018-02-13T02:43:11Z,154387520,MarkBjorge,"In good news for the day, today I threw out three (finally!) empty boxes of antibiotics we were prescribed during January.
They were Tamiflu, Tamiflu, and Amoxicillin, just FYI.",Twitter for iPhone,,,,FALSE,FALSE,1,0,,,,,,,,,,,,,,,,en,,,,,https://api.twitter.com/1.1/geo/id/01fbe706f872cb32.json,Washington,"Washington, DC",city,United States,US,|,|,-77.119401|-76.909396|-76.909396|-77.119401|38.801826|38.801826|38.9953797|38.9953797,District of Columbia
963230228599443000,2018-02-13T01:55:57Z,111691975,kimba2992,"I retract my first sentence, but seriously, I need to get my hands on some Tamiflu to keep on hand.",Twitter for Android,963229982490333000,111691975,kimba2992,FALSE,FALSE,0,0,,,,,,,,,,,,,,,,en,,,,,https://api.twitter.com/1.1/geo/id/701a80c8d0e9a562.json,Bessemer,"Bessemer, AL",city,United States,US,|,|,-87.0315452|-86.8974334|-86.8974334|-87.0315452|33.295574|33.295574|33.456651|33.456651,Alabama
963219369248506000,2018-02-13T01:12:48Z,73133572,chrisshott,Is it OK to pair wine with Tamiflu? Asking for a *cough*,Twitter for iPhone,,,,FALSE,FALSE,1,0,,,,,,,,,,,,,,,,en,,,,,https://api.twitter.com/1.1/geo/id/011add077f4d2da3.json,Brooklyn,"Brooklyn, NY",city,United States,US,|,|,-74.041878|-73.855673|-73.855673|-74.041878|40.570842|40.570842|40.739434|40.739434,New York
963216914532241000,2018-02-13T01:03:02Z,415042769,CMM2B,"No one gave me the heads up that Tamiflu makes you incredible nauseous. Yes, please treat my flu with something that makes me feel like I have the flu. #sendhelp #andicecream",Twitter for iPhone,,,,FALSE,FALSE,2,0,sendhelp|andicecream,,,,,,,,,,,,,,,en,,,,,https://api.twitter.com/1.1/geo/id/f90baaeac804e75f.json,University Park,"University Park, TX",city,United States,US,|,|,-96.815054|-96.7710486|-96.7710486|-96.815054|32.8365233|32.8365233|32.865496|32.865496,Texas
963201715964121000,2018-02-13T00:02:39Z,786734930130797000,ngaines13,"@Brasilmagic He doesn‚Äôt care. So what, if the CO-PAY for Tamiflu is $110?",Twitter for iPhone,963190938691691000,21833728,Brasilmagic,FALSE,FALSE,0,0,,,,,,,,,,,,,,21833728,Brasilmagic,en,,,,,https://api.twitter.com/1.1/geo/id/019e50e817947f2d.json,Colonie,"Colonie, NY",city,United States,US,|,|,-73.920556|-73.73002|-73.73002|-73.920556|42.702071|42.702071|42.791154|42.791154,New York
963179674250564000,2018-02-12T22:35:04Z,2384331553,marthann85,I got the flu a few weeks ago. 1) I had the flu shot 2) I recognized symptoms within 12 hours and called my doctor who called in Tamiflu 3) I felt better in 3 days and was able to go to work in 36 hours. Get your flu shot. It helps (as does Tamiflu if you can get it) https://t.co/p3Z2tBMRM3,Twitter for iPhone,,,,TRUE,FALSE,2,0,,,twitter.com/clarajeffery/s‚Ä¶,https://t.co/p3Z2tBMRM3,https://twitter.com/clarajeffery/status/962755412427616256,,,,,,,,,,,en,962755412427616000,"Getting a flu shot:
1) reduces the chances of getting flu by at least 1/3rd (yes, even this year)
2) reduces symptoms/odds of hospitalization/death if you do
3) help protects everyone you're in contact with. The old, the young, the immune compromised. https://t.co/a9P5krV23b",,,https://api.twitter.com/1.1/geo/id/13eb8d7f6e12a684.json,St Charles,"St Charles, MO",city,United States,US,|,|,-90.5706573|-90.464711|-90.464711|-90.5706573|38.737756|38.737756|38.848337|38.848337,Missouri
963178556833530000,2018-02-12T22:30:37Z,269203430,_mustbethursday,"I‚Äôm so heated about that article, what the hell. It says right on Tamiflu‚Äôs website it‚Äôs not a cure, and can make the flu ‚Äúsomewhat more bearable and long lasting‚Äù - IF. TAKEN. WITHIN. 48 HOURS. There is no cure for the flu. That woman died OF THE FLU, not lack of Tamiflu.",Twitter for iPhone,,,,FALSE,FALSE,0,0,,,,,,,,,,,,,,,,en,,,,,https://api.twitter.com/1.1/geo/id/55b4f9e5c516e0b6.json,Orlando,"Orlando, FL",city,United States,US,|,|,-81.507905|-81.2276403|-81.2276403|-81.507905|28.3882177|28.3882177|28.615139|28.615139,Florida
963177654492058000,2018-02-12T22:27:02Z,269203430,_mustbethursday,"TAMIFLU DOESN‚ÄôT CURE THE FLU??????? This article is a fucking JOKE, wow. Tamiflu only lessens the effects of the flu, and ONLY if taken within the first 48 hours of showing symptoms- after that, it can make them WORSE. Do not buy into this bullshit. And FYI, it IS expensive. https://t.co/3rKS6wZvMG",Twitter for iPhone,,,,FALSE,FALSE,0,0,,,,,,http://pbs.twimg.com/media/DV3k9esUMAAZ5jq.jpg,https://t.co/3rKS6wZvMG,https://twitter.com/_mustbethursday/status/963177654492057602/photo/1,photo,http://pbs.twimg.com/media/DV3k9esUMAAZ5jq.jpg,https://t.co/3rKS6wZvMG,https://twitter.com/_mustbethursday/status/963177654492057602/photo/1,,,,en,,,,,https://api.twitter.com/1.1/geo/id/55b4f9e5c516e0b6.json,Orlando,"Orlando, FL",city,United States,US,|,|,-81.507905|-81.2276403|-81.2276403|-81.507905|28.3882177|28.3882177|28.615139|28.615139,Florida
963159296358998000,2018-02-12T21:14:05Z,2722049291,airthanh2001,@CBSNews This is very misleading. She was already sick for a week prior to going to the doctor. Tamiflu is only effective if taken within 1-2 days of getting the flu!,Twitter for iPhone,963141919277814000,15012486,CBSNews,FALSE,FALSE,15,3,,,,,,,,,,,,,,15012486,CBSNews,en,,,,,https://api.twitter.com/1.1/geo/id/01c0441229f0e67f.json,Navarre,"Navarre, FL",city,United States,US,|,|,-86.9532606|-86.7991658|-86.7991658|-86.9532606|30.394546|30.394546|30.454239|30.454239,Florida
963157913668788000,2018-02-12T21:08:35Z,38495355,vegasbob1975,@donstugots She didn‚Äôt want to pay for the $114 Tamiflu,Twitter for iPhone,963156116044763000,14821941,donstugots,FALSE,FALSE,1,0,,,,,,,,,,,,,,14821941,donstugots,en,,,,,https://api.twitter.com/1.1/geo/id/37d88f13e7a85f14.json,Winchester,"Winchester, NV",city,United States,US,|,|,-115.173994|-115.083699|-115.083699|-115.173994|36.1280771|36.1280771|36.144748|36.144748,Nevada
963154077143085000,2018-02-12T20:53:21Z,19579501,SydneyA,"The flu is no fuckin joke, without Tamiflu Ida probably died last year nbs",Twitter for iPhone,,,,FALSE,FALSE,0,0,,,,,,,,,,,,,,,,en,,,,,https://api.twitter.com/1.1/geo/id/1d9a5370a355ab0c.json,Chicago,"Chicago, IL",city,United States,US,|,|,-87.940033|-87.523993|-87.523993|-87.940033|41.644102|41.644102|42.0230669|42.0230669,Illinois
963145026099393000,2018-02-12T20:17:23Z,2996152633,elliottmartha1,"Brooklyn was tested positive for influenza B.,Dr.Johnson prescribed 1 antibiotic and Tamiflu for the next 5 days &amp;no school for 48 hours.‚ô°‚ô° https://t.co/ZhhGwHqdnR",Twitter for Android,,,,FALSE,FALSE,1,0,,,,,,http://pbs.twimg.com/media/DV3HLmGVAAAjjtr.jpg,https://t.co/ZhhGwHqdnR,https://twitter.com/elliottmartha1/status/963145026099392512/photo/1,photo,http://pbs.twimg.com/media/DV3HLmGVAAAjjtr.jpg|http://pbs.twimg.com/media/DV3HNRCU0AA7rUf.jpg|http://pbs.twimg.com/media/DV3HQBKVoAAi0Ma.jpg|http://pbs.twimg.com/media/DV3HRzmUQAE9rrc.jpg,https://t.co/ZhhGwHqdnR|https://t.co/ZhhGwHqdnR|https://t.co/ZhhGwHqdnR|https://t.co/ZhhGwHqdnR,https://twitter.com/elliottmartha1/status/963145026099392512/photo/1|https://twitter.com/elliottmartha1/status/963145026099392512/photo/1|https://twitter.com/elliottmartha1/status/963145026099392512/photo/1|https://twitter.com/elliottmartha1/status/963145026099392512/photo/1,,,,en,,,,,https://api.twitter.com/1.1/geo/id/013fbf673c82e5e4.json,Edinburg,"Edinburg, TX",city,United States,US,|,|,-98.225807|-98.0790308|-98.0790308|-98.225807|26.244127|26.244127|26.450924|26.450924,Texas
963144833937232000,2018-02-12T20:16:37Z,945831773992309000,SupaflyScutapie,"#Tamiflu causes diarrhea. 

Noted.",Twitter for iPhone,,,,FALSE,FALSE,0,0,Tamiflu,,,,,,,,,,,,,,,en,,,,,https://api.twitter.com/1.1/geo/id/1c69a67ad480e1b1.json,Houston,"Houston, TX",city,United States,US,|,|,-95.823268|-95.069705|-95.069705|-95.823268|29.522325|29.522325|30.1546646|30.1546646,Texas
963134510484243000,2018-02-12T19:35:36Z,36715350,mckenziewestmor,@Fat2PHATinIA Curious did you both have a flu shot and did you take tamiflu?,Twitter for iPhone,963128897473778000,3091759032,Fat2PHATinIA,FALSE,FALSE,1,0,,,,,,,,,,,,,,3091759032,Fat2PHATinIA,en,,,,,https://api.twitter.com/1.1/geo/id/3b77caf94bfc81fe.json,Los Angeles,"Los Angeles, CA",city,United States,US,|,|,-118.668404|-118.155409|-118.155409|-118.668404|33.704538|33.704538|34.337041|34.337041,California
963126387551998000,2018-02-12T19:03:19Z,771768391170400000,Tit4tat11,With insurance through my CO - due to deductible - I just paid $234.00 to find out i have the flu and get Tamiflu ( with $40.00 coupon from Rx) Why I count myself lucky for having the $ I feel sick to my stomach thinking of those who do not. @GOP wants to take more Care away. https://t.co/cSlez7SBiK,Twitter for iPhone,,,,TRUE,FALSE,0,0,,,twitter.com/triblive/statu‚Ä¶,https://t.co/cSlez7SBiK,https://twitter.com/triblive/status/963124218274701312,,,,,,,,,11134252,GOP,en,963124218274701000,"Three more people died of the flu in Allegheny County, bringing the seasonal total to 14. https://t.co/kghcvxZMMs",,,https://api.twitter.com/1.1/geo/id/01c758917c85876e.json,Upper St Clair,"Upper St Clair, PA",city,United States,US,|,|,-80.183471|-80.050634|-80.050634|-80.183471|40.2994561|40.2994561|40.364401|40.364401,Pennsylvania
963119269876773000,2018-02-12T18:35:02Z,2821062239,jennaemoran,Give me a break. #Tamiflu shortens the illness by 24-48 hours. It doesn‚Äôt TREAT the flu. Good grief. https://t.co/OfQeDJ8F8s,Twitter for iPhone,,,,TRUE,FALSE,1,0,Tamiflu,,twitter.com/13wham/status/‚Ä¶,https://t.co/OfQeDJ8F8s,https://twitter.com/13wham/status/963115738222362624,,,,,,,,,,,en,963115738222363000,Texas teacher dies from flu after deeming medication too expensive: report https://t.co/LkzdDLaWbc,,,https://api.twitter.com/1.1/geo/id/0065fdc5570f8310.json,Penfield,"Penfield, NY",city,United States,US,|,|,-77.53294|-77.40039|-77.40039|-77.53294|43.12258|43.12258|43.19703|43.19703,New York
963111545218720000,2018-02-12T18:04:20Z,4416553035,emo591968,@analeigh1972 They aren't doing anything but yiving people Tamiflu... Already got that...,Twitter for Android,963111361457934000,3071169635,analeigh1972,FALSE,FALSE,1,0,,,,,,,,,,,,,,3071169635,analeigh1972,en,,,,,https://api.twitter.com/1.1/geo/id/fe3a0c50b4944a1f.json,Ladson,"Ladson, SC",city,United States,US,|,|,-80.139459|-80.080571|-80.080571|-80.139459|32.976819|32.976819|33.047843|33.047843,South Carolina
963094584405488000,2018-02-12T16:56:57Z,30631568,SDKPharmD,"Nothing infuriates me quite like tamiflu. Many people have reached out to me as their designated pharmacist friend to ask if it works, only to be disappointed by the truth. The data is weak and heavily manipulated and I have never heard even anecdotal evidence. https://t.co/gxZl0tvOJb",Twitter for iPhone,,,,FALSE,FALSE,0,0,,,,,,http://pbs.twimg.com/tweet_video_thumb/DV2ZahVWkAA78fc.jpg,https://t.co/gxZl0tvOJb,https://twitter.com/SDKPharmD/status/963094584405487617/photo/1,photo,http://pbs.twimg.com/tweet_video_thumb/DV2ZahVWkAA78fc.jpg,https://t.co/gxZl0tvOJb,https://twitter.com/SDKPharmD/status/963094584405487617/photo/1,,,,en,,,,,https://api.twitter.com/1.1/geo/id/b463d3bd6064861b.json,Detroit,"Detroit, MI",city,United States,US,|,|,-83.288056|-82.91052|-82.91052|-83.288056|42.255085|42.255085|42.450488|42.450488,Michigan
963094529451741000,2018-02-12T16:56:43Z,84005271,AllieOpolis,"By the time I take my last dose of Tamiflu, @TCU_Baseball will be back- and that gives me life.",Twitter for iPhone,,,,FALSE,FALSE,10,0,,,,,,,,,,,,,,225101746,TCU_Baseball,en,,,,,https://api.twitter.com/1.1/geo/id/42e46bc3663a4b5f.json,Fort Worth,"Fort Worth, TX",city,United States,US,|,|,-97.538285|-97.033542|-97.033542|-97.538285|32.569477|32.569477|32.990456|32.990456,Texas
963094050843840000,2018-02-12T16:54:49Z,7862582,gminks,"Flu day 4. Was going to try to work (from home) but I still have zero energy. Also battling headaches.
I have a tip in case you need tamiflu &amp; are in the same position I was in w the deductable: get a coupon from goodrx.
Looks to be abt half what I paid.",Twitter for Android,,,,FALSE,FALSE,6,0,,,,,,,,,,,,,,,,en,,,,,https://api.twitter.com/1.1/geo/id/c3f37afa9efcf94b.json,Austin,"Austin, TX",city,United States,US,|,|,-97.928935|-97.5805133|-97.5805133|-97.928935|30.127892|30.127892|30.5187994|30.5187994,Texas
963090141316346000,2018-02-12T16:39:17Z,482364259,LeighLucasGeary,@Marc_Bertrand @hardy985 Poor Zo!  Influenza A this year is BRUTAL! Five days into it I attempted to unload the dishwasher and had to sit down in the middle - and I'm a fitness instructor! DEAD! His Tamiflu is prob a 5-day course and he should stay home until it's done. #wipedown,Twitter Web Client,,56886358,Marc_Bertrand,FALSE,FALSE,0,0,wipedown,,,,,,,,,,,,,56886358|80178128,Marc_Bertrand|hardy985,en,,,,,https://api.twitter.com/1.1/geo/id/7948fec74f58e8cd.json,Quincy,"Quincy, MA",city,United States,US,|,|,-71.093301|-70.949379|-70.949379|-71.093301|42.2042941|42.2042941|42.307954|42.307954,Massachusetts
963083578807607000,2018-02-12T16:13:13Z,537740215,tphammd,@DutchessKidsDoc @Kidsdoc1Rick @WFKARS I find giving people accurate expectations of Tamiflu decreases my prescription rate. It's not antibiotic. You aren't going to be better in a day or so. You may puke your guts out...,Twitter for iPhone,963083029425082000,831590066,DutchessKidsDoc,FALSE,FALSE,2,0,,,,,,,,,,,,,,831590066|783726731718975488|590120366,DutchessKidsDoc|Kidsdoc1Rick|WFKARS,en,,,,,https://api.twitter.com/1.1/geo/id/9a974dfc8efb32a0.json,Kansas City,"Kansas City, MO",city,United States,US,|,|,-94.733122|-94.3854414|-94.3854414|-94.733122|38.868002|38.868002|39.332095|39.332095,Missouri
963079501730189000,2018-02-12T15:57:01Z,537740215,tphammd,"@Kidsdoc1Rick @WFKARS @DutchessKidsDoc Interesting. Then I would discuss risk and benefits of Tamiflu with patients with flu-like symptoms and let them decide. High fever, myalgia, and sudden onset are usually my triggers to dx flu.",Twitter for iPhone,963078692497969000,783726731718976000,Kidsdoc1Rick,FALSE,FALSE,2,0,,,,,,,,,,,,,,783726731718975488|590120366|831590066,Kidsdoc1Rick|WFKARS|DutchessKidsDoc,en,,,,,https://api.twitter.com/1.1/geo/id/9a974dfc8efb32a0.json,Kansas City,"Kansas City, MO",city,United States,US,|,|,-94.733122|-94.3854414|-94.3854414|-94.733122|38.868002|38.868002|39.332095|39.332095,Missouri
963040853567656000,2018-02-12T13:23:26Z,35751378,BrittanyBegley,"Chance has the flu: As you know, the flu is highly contagious... Do you have any tips to make sure Joe and I don‚Äôt get it? Any tips to make him feel better? Momma Begley needs your help! #Flu2018 Thankfully, we have Tamiflu! https://t.co/SgejusZ3MI",Twitter for iPhone,,,,FALSE,FALSE,9,0,Flu2018,,,,,http://pbs.twimg.com/media/DV1oi5JX0AAYSxk.jpg,https://t.co/SgejusZ3MI,https://twitter.com/BrittanyBegley/status/963040853567655936/photo/1,photo,http://pbs.twimg.com/media/DV1oi5JX0AAYSxk.jpg,https://t.co/SgejusZ3MI,https://twitter.com/BrittanyBegley/status/963040853567655936/photo/1,,,,en,,,,,https://api.twitter.com/1.1/geo/id/3df0e3eb1e91170b.json,Columbus,"Columbus, OH",city,United States,US,|,|,-83.200169|-82.7713751|-82.7713751|-83.200169|39.832013|39.832013|40.157354|40.157354,Ohio
963032490549109000,2018-02-12T12:50:12Z,562473632,MattyLitchh,The amount of tamiflu my store has gone through is INSANE,Twitter for iPhone,,,,FALSE,FALSE,2,0,,,,,,,,,,,,,,,,en,,,,,https://api.twitter.com/1.1/geo/id/67b98f17fdcf20be.json,Boston,"Boston, MA",city,United States,US,|,|,-71.191421|-70.986004|-70.986004|-71.191421|42.227797|42.227797|42.399542|42.399542,Massachusetts
963003419563831000,2018-02-12T10:54:41Z,868530728,joshschultzdc,"High deductible health plans can be great cost control but they also suck
 üëéüëéüëéüëé

(&amp; CDC should subsidize Tamiflu &amp; Relenza) https://t.co/UiZcHd2YQC",Twitter for iPhone,,,,FALSE,FALSE,2,1,,,twitter.com/crampell/statu‚Ä¶,https://t.co/UiZcHd2YQC,https://twitter.com/crampell/status/962435510726791169,,,,,,,,,,,en,,,,,https://api.twitter.com/1.1/geo/id/d6819fe60643ebc1.json,Alexandria,"Alexandria, VA",city,United States,US,|,|,-77.144435|-77.037304|-77.037304|-77.144435|38.789907|38.789907|38.8448531|38.8448531,Virginia
962944373758550000,2018-02-12T07:00:04Z,228860134,overchoiced,this shit is population control the flu shot is some shit too tamiflu is some shit too i don‚Äôt trust these motherfuckers the flu wasn‚Äôt killing people like this before they were pressing the flu shot https://t.co/v5N1m6P4jU,Twitter for iPhone,,,,TRUE,FALSE,0,0,,,twitter.com/time/status/96‚Ä¶,https://t.co/v5N1m6P4jU,https://twitter.com/time/status/962487584436965376,,,,,,,,,,,en,962487584436965000,"The flu is killing up to 4,000 Americans a week
https://t.co/qXhALbGl6l",,,https://api.twitter.com/1.1/geo/id/01a9a39529b27f36.json,Manhattan,"Manhattan, NY",city,United States,US,|,|,-74.026675|-73.910408|-73.910408|-74.026675|40.683935|40.683935|40.877483|40.877483,New York
962919456686137000,2018-02-12T05:21:03Z,28793983,scottnewman76,"Can someone explain to me how PBMs are insurance?  Isn‚Äôt one criteria, to be considered an insurance company, loss risk?  Where‚Äôs their risk?  I have more risk that another tamiflu Rx might come in. #pbmmafia",Twitter for iPhone,,,,FALSE,FALSE,7,3,pbmmafia,,,,,,,,,,,,,,,en,,,,,https://api.twitter.com/1.1/geo/id/73d1c1c11b675932.json,Chesapeake,"Chesapeake, VA",city,United States,US,|,|,-76.448383|-76.143408|-76.143408|-76.448383|36.66|36.66|36.866431|36.866431,Virginia
962893402336649000,2018-02-12T03:37:31Z,1135819927,amaiznblugrl,@Ryan_Deem Ugh. I had it two weeks ago. Got shot in August. Got tamiflu within 12 hours of feeling bad. Symptoms weren‚Äôt awful but I did sleep *a lot* for four days.,Twitter for iPhone,962841365708190000,987853194,Ryan_Deem,FALSE,FALSE,1,0,,,,,,,,,,,,,,987853194,Ryan_Deem,en,,,,,https://api.twitter.com/1.1/geo/id/832793dfbf3477cb.json,Forest Glen,"Forest Glen, MD",city,United States,US,|,|,-77.060658|-77.030226|-77.030226|-77.060658|39.013369|39.013369|39.029771|39.029771,Maryland
962880750273036000,2018-02-12T02:47:14Z,111958389,TheReal_DannyA,@uberjosephB Forget NyQuil. Ya gotta get on that tamiflu,Twitter for iPhone,962867557748367000,142204786,uberjosephB,FALSE,FALSE,0,0,,,,,,,,,,,,,,142204786,uberjosephB,en,,,,,https://api.twitter.com/1.1/geo/id/cc7ba09ef43845d3.json,Ojus,"Ojus, FL",city,United States,US,|,|,-80.185106|-80.1470353|-80.1470353|-80.185106|25.936226|25.936226|25.9744207|25.9744207,Florida
962878416155529000,2018-02-12T02:37:58Z,7862582,gminks,@johnobeto I'm good. I did teladoc as soon as I got a fever and had tamiflu an hour later. Will call my dr tomorrow,Twitter for Android,962876810546569000,18258508,johnobeto,FALSE,FALSE,1,0,,,,,,,,,,,,,,18258508,johnobeto,en,,,,,https://api.twitter.com/1.1/geo/id/c3f37afa9efcf94b.json,Austin,"Austin, TX",city,United States,US,|,|,-97.928935|-97.5805133|-97.5805133|-97.928935|30.127892|30.127892|30.5187994|30.5187994,Texas
962872704566211000,2018-02-12T02:15:16Z,107553354,mdmjkl,"@crampell Tamiflu and the flu vaccine shot aren't the same thing. Yes, shots are generally available for free or a small fee. Tamiflu is a prescription product used to treat the flu after you have already come down with it. That is the one many cannot afford.",Twitter for Android,962435510726791000,14348157,crampell,FALSE,FALSE,0,0,,,,,,,,,,,,,,14348157,crampell,en,,,,,https://api.twitter.com/1.1/geo/id/72c989ec59b8359b.json,Mineral Wells,"Mineral Wells, TX",city,United States,US,|,|,-98.145924|-98.040323|-98.040323|-98.145924|32.781326|32.781326|32.842211|32.842211,Texas
962866297561207000,2018-02-12T01:49:49Z,45038934,IAMLAURACAIN,My fave thing about all these people sharing the lil paper that comes with tamiflu and all its warnings are freaking out bc it MAY lead to death lmao like?? My first concern is that apparently y‚Äôall have never read the warnings on anything y‚Äôall buy at all ever which....yikes,Twitter for iPhone,,,,FALSE,FALSE,2,0,,,,,,,,,,,,,,,,en,,,,,https://api.twitter.com/1.1/geo/id/1545cf297b61f068.json,Tillmans Corner,"Tillmans Corner, AL",city,United States,US,|,|,-88.260518|-88.147686|-88.147686|-88.260518|30.536031|30.536031|30.6165|30.6165,Alabama
962855675079680000,2018-02-12T01:07:36Z,52625615,queendarci,@ScottSandalow I don‚Äôt know why I cannnot stop laughing at this. Probably has something to do with my son having Tamiflu induced mood swings all day.,Twitter for iPhone,962839142047548000,14102454,ScottSandalow,FALSE,FALSE,3,0,,,,,,,,,,,,,,14102454,ScottSandalow,en,,,,,https://api.twitter.com/1.1/geo/id/6e315e1f96e0450a.json,Arlington,"Arlington, TX",city,United States,US,|,|,-97.233811|-97.037464|-97.037464|-97.233811|32.586565|32.586565|32.817135|32.817135,Texas
962833171808244000,2018-02-11T23:38:11Z,35751378,BrittanyBegley,Grateful that Walgreens has liquid Tamiflu available for Chance.  More normal pharmacy was out... https://t.co/mrGGshcLUl,Twitter for iPhone,,,,FALSE,FALSE,13,0,,,,,,http://pbs.twimg.com/tweet_video_thumb/DVyrp0wWsAQmjAi.jpg,https://t.co/mrGGshcLUl,https://twitter.com/BrittanyBegley/status/962833171808243713/photo/1,photo,http://pbs.twimg.com/tweet_video_thumb/DVyrp0wWsAQmjAi.jpg,https://t.co/mrGGshcLUl,https://twitter.com/BrittanyBegley/status/962833171808243713/photo/1,,,,en,,,,,https://api.twitter.com/1.1/geo/id/3df0e3eb1e91170b.json,Columbus,"Columbus, OH",city,United States,US,|,|,-83.200169|-82.7713751|-82.7713751|-83.200169|39.832013|39.832013|40.157354|40.157354,Ohio
962818092085760000,2018-02-11T22:38:16Z,125332762,rulebreaker1,@RVAwonk @DebraMessing  DITTO ....just paid $90 for Tamiflu and I pay $500 a month for health insurance. How? Why?,Twitter for iPhone,962774034688684000,2316383071,RVAwonk,FALSE,FALSE,0,0,,,,,,,,,,,,,,2316383071|499073990,RVAwonk|DebraMessing,en,,,,,https://api.twitter.com/1.1/geo/id/1e11d8be00564690.json,Mineola,"Mineola, NY",city,United States,US,|,|,-73.657928|-73.62091|-73.62091|-73.657928|40.736994|40.736994|40.759989|40.759989,New York
962782677920375000,2018-02-11T20:17:32Z,42259541,bigblackboy,"@realDonaldTrump You bullshitting! For real?!? You ‚Äògon PUT that on ALL YOU LOVE, and say I‚Äôll see an INCREASE in my pay?!? Thanks Dog, ‚Äòpreciate that. It‚Äôs been a struggle for us man! Both my wife AND son had the flu, &amp; getting tamiflu was tough. Hope you SINCERE.",Twitter for iPhone,962767075457593000,25073877,realDonaldTrump,FALSE,FALSE,0,0,,,,,,,,,,,,,,25073877,realDonaldTrump,en,,,,,https://api.twitter.com/1.1/geo/id/18810aa5b43e76c7.json,Dallas,"Dallas, TX",city,United States,US,|,|,-96.977527|-96.54598|-96.54598|-96.977527|32.620678|32.620678|33.019039|33.019039,Texas
962761456633680000,2018-02-11T18:53:13Z,1120446992,Bryzgalove,"Holy moly, the amount of tamiflu  I‚Äôve filled today is unreal. Get ya flu shots !",Twitter for iPhone,,,,FALSE,FALSE,1,0,,,,,,,,,,,,,,,,en,,,,,https://api.twitter.com/1.1/geo/id/01204e7c05e63d8b.json,Houghton,"Houghton, MI",city,United States,US,|,|,-88.617059|-88.511915|-88.511915|-88.617059|47.089155|47.089155|47.123547|47.123547,Michigan
962758089807078000,2018-02-11T18:39:50Z,403771971,LeslieBattenND,@DisChimera @alexhcranz You‚Äôre correct. I was thinking of general flu relief that‚Äôs OTC. Tamiflu isn‚Äôt very effective.,Twitter for iPhone,962508761008099000,40694981,DisChimera,FALSE,FALSE,0,0,,,,,,,,,,,,,,40694981|65817587,DisChimera|alexhcranz,en,,,,,https://api.twitter.com/1.1/geo/id/dc3747428fa88cab.json,Spokane,"Spokane, WA",city,United States,US,|,|,-117.565226|-117.303868|-117.303868|-117.565226|47.5742|47.5742|47.760676|47.760676,Washington
962747349893374000,2018-02-11T17:57:09Z,798260357986808000,Francesisthecoo,"@NeuCare @ASlavitt I paid just over $181.00 for my daughters' Tamiflu. She has crappy insurance, so she can afford premium. This was generic Tamiflu.",Twitter for Android,962706958150234000,71858540,NeuCare,FALSE,FALSE,0,0,,,,,,,,,,,,,,71858540|1383272101,NeuCare|ASlavitt,en,,,,,https://api.twitter.com/1.1/geo/id/c3f37afa9efcf94b.json,Austin,"Austin, TX",city,United States,US,|,|,-97.928935|-97.5805133|-97.5805133|-97.928935|30.127892|30.127892|30.5187994|30.5187994,Texas
962744326316053000,2018-02-11T17:45:08Z,2820714945,algorhetor,I‚Äôm not taking Tamiflu right now because my copay is $145 through @Aetna. https://t.co/9Do23iEE7X,Twitter for iPhone,,,,FALSE,FALSE,0,1,,,twitter.com/crampell/statu‚Ä¶,https://t.co/9Do23iEE7X,https://twitter.com/crampell/status/962435510726791169,,,,,,,,,16188518,Aetna,en,,,,,https://api.twitter.com/1.1/geo/id/01aacbd54569e88f.json,Savoy,"Savoy, IL",city,United States,US,|,|,-88.290407|-88.238199|-88.238199|-88.290407|40.024433|40.024433|40.083617|40.083617,Illinois
962741757032182000,2018-02-11T17:34:56Z,64444175,jenngustetic,The flu is horrible. üò∑ü§í FWIW with insurance tamiflu cost me $22. https://t.co/2KYYmhMUdR,Twitter for iPhone,,,,TRUE,FALSE,0,0,,,twitter.com/1chicklette/st‚Ä¶,https://t.co/2KYYmhMUdR,https://twitter.com/1chicklette/status/962732546495741952,,,,,,,,,,,en,962732546495742000,Poor @jenngustetic &amp; @tammy are both sick &amp; a FB friend is talking about the high cost of Tamiflu.,,,https://api.twitter.com/1.1/geo/id/01fbe706f872cb32.json,Washington,"Washington, DC",city,United States,US,|,|,-77.119401|-76.909396|-76.909396|-77.119401|38.801826|38.801826|38.9953797|38.9953797,District of Columbia
962738297331241000,2018-02-11T17:21:11Z,930722725,JacquelineM322,@melomys @crampell You need to get educated on the difference between flu shot...and most likely ineffectiveness.. and tamiflu which u take after u have symptoms..and is only effective when taken soon. Getting flu shot would more than.likely not have prevented her from getting the flu.,Twitter for Android,962444707199513000,113778098,melomys,FALSE,FALSE,0,0,,,,,,,,,,,,,,113778098|14348157,melomys|crampell,en,,,,,https://api.twitter.com/1.1/geo/id/6390886d39468948.json,Maple Grove,"Maple Grove, MN",city,United States,US,|,|,-93.528854|-93.400913|-93.400913|-93.528854|45.064772|45.064772|45.152293|45.152293,Minnesota
962737837937431000,2018-02-11T17:19:22Z,3185460890,holmes_pedro,But tamiflu doesn't cure the flu so she would have still had the flu..... https://t.co/ax4P9QgZbp,Twitter for Android,,,,FALSE,FALSE,2,0,,,twitter.com/crampell/statu‚Ä¶,https://t.co/ax4P9QgZbp,https://twitter.com/crampell/status/962435510726791169,,,,,,,,,,,en,,,,,https://api.twitter.com/1.1/geo/id/00c3e46c3d0cac08.json,Frisco,"Frisco, TX",city,United States,US,|,|,-96.937783|-96.7327146|-96.7327146|-96.937783|33.081206|33.081206|33.219073|33.219073,Texas
962728839356076000,2018-02-11T16:43:36Z,223009099,bucwaas,I need to open up a tamiflu factory in Mexico and sell it at cruise stops. Advertise the cost and improve travel  business https://t.co/K83sxThKH9,Twitter for iPhone,,,,FALSE,FALSE,0,0,,,twitter.com/crampell/statu‚Ä¶,https://t.co/K83sxThKH9,https://twitter.com/crampell/status/962435510726791169,,,,,,,,,,,en,,,,,https://api.twitter.com/1.1/geo/id/7a41192a2879ee24.json,Sugar Land,"Sugar Land, TX",city,United States,US,|,|,-95.686106|-95.5772726|-95.5772726|-95.686106|29.5433718|29.5433718|29.663556|29.663556,Texas
962723998701367000,2018-02-11T16:24:22Z,113721795,DrHill321,"Thank you Tamiflu, for the 11 hours of psychedelic dream sleep and making your product so easy to open (not) when every muscle in your body hurts. #tamiflu #Flu2018 #GIS2018",Twitter for iPad,,,,FALSE,FALSE,6,0,tamiflu|Flu2018|GIS2018,,,,,,,,,,,,,,,en,,,,,https://api.twitter.com/1.1/geo/id/af0db9c2920db9fd.json,Fort Mitchell,"Fort Mitchell, KY",city,United States,US,|,|,-84.580124|-84.540296|-84.540296|-84.580124|39.026611|39.026611|39.065464|39.065464,Kentucky
962716608643961000,2018-02-11T15:55:00Z,1631927893,thelama_himself,"@BostonStuff @NeuCare @ASlavitt Tamiflu is questionable in its efficacy...
There‚Äôs no correlation, let alone causation....pure misrepresentation",Twitter for iPhone,962712143324906000,301630105,BostonStuff,FALSE,FALSE,0,0,,,,,,,,,,,,,,301630105|71858540|1383272101,BostonStuff|NeuCare|ASlavitt,en,,,,,https://api.twitter.com/1.1/geo/id/71d67835b34c1060.json,Streetsboro,"Streetsboro, OH",city,United States,US,|,|,-81.392139|-81.2868098|-81.2868098|-81.392139|41.218591|41.218591|41.276593|41.276593,Ohio
962711052302651000,2018-02-11T15:32:55Z,537330746,wfaajenny,"#Flu day three: 
Fever- 100.3                                                    Tamiflu doses - 3
Episodes of #ThisIsUs - 8 (from the beginning, and yes, I‚Äôm totally sold.)",Twitter for iPhone,,,,FALSE,FALSE,3,0,Flu|ThisIsUs,,,,,,,,,,,,,,,en,,,,,https://api.twitter.com/1.1/geo/id/18810aa5b43e76c7.json,Dallas,"Dallas, TX",city,United States,US,|,|,-96.977527|-96.54598|-96.54598|-96.977527|32.620678|32.620678|33.019039|33.019039,Texas
962701626795614000,2018-02-11T14:55:28Z,27193345,Rabydel,"Yeah can we talk about medication costs in this county? It cost $110 for Tamiflu for my infant. With a coupon it was ‚Äúonly‚Äù $66. We are lucky that we can absorb that cost into our budget, but how many people can‚Äôt? We pay more than other countries for the same meds. Shameful. https://t.co/yOXyp9S4qM",Twitter for iPhone,,,,FALSE,FALSE,1,1,,,twitter.com/crampell/statu‚Ä¶,https://t.co/yOXyp9S4qM,https://twitter.com/crampell/status/962435510726791169,,,,,,,,,,,en,,,,,https://api.twitter.com/1.1/geo/id/5b96c12e41e49aa5.json,Wylie,"Wylie, TX",city,United States,US,|,|,-96.596044|-96.4891653|-96.4891653|-96.596044|32.981938|32.981938|33.0549833|33.0549833,Texas
962694095369130000,2018-02-11T14:25:32Z,93678162,PamelasPotions,"@paulafaris Be careful w/the Tamiflu...it has psychological effects on some.  Try Elderberry w/ Astragalus, zinc &amp; vit c + green tea w/ lemon, cinnamon, vlove, ginger &amp; honey.  Essential oil blend w/ oregano, eucalyptus, rosemary, cinnamon, clove, lemon, lime, peppermint &amp;  spearmint.",Twitter for Android,962484391061672000,96848782,paulafaris,FALSE,FALSE,0,0,,,,,,,,,,,,,,96848782,paulafaris,en,,,,,https://api.twitter.com/1.1/geo/id/1711fcf6c5dcde3c.json,Bay Shore,"Bay Shore, NY",city,United States,US,|,|,-73.285247|-73.223943|-73.223943|-73.285247|40.705724|40.705724|40.752091|40.752091,New York
962683533100814000,2018-02-11T13:43:34Z,2588095302,DonnaMorrisf1,"@michstepstone @TXrunnerSteph @crampell @GloriaCampos She did not choose to die. I‚Äôm sorry I was misunderstood. Tamiflu is too expensive, drug companies are greedy, the government needs to step in on health care.",Twitter for iPhone,962532110694306000,212056045,michstepstone,FALSE,FALSE,5,1,,,,,,,,,,,,,,212056045|1131582625|14348157|22188774,michstepstone|TXrunnerSteph|crampell|GloriaCampos,en,,,,,https://api.twitter.com/1.1/geo/id/3327a6de18def29a.json,Benbrook,"Benbrook, TX",city,United States,US,|,|,-97.512109|-97.411765|-97.411765|-97.512109|32.647286|32.647286|32.723883|32.723883,Texas
962606575339885000,2018-02-11T08:37:46Z,1713454856,MadelineGiese,"Tamiflu side effects include (but not limited to): nausea, vomiting, dizziness, headaches, and INSOMNIA.",Twitter for iPhone,,,,FALSE,FALSE,2,0,,,,,,,,,,,,,,,,en,,,,,https://api.twitter.com/1.1/geo/id/6e3daa43345fa8e3.json,Newport,"Newport, RI",city,United States,US,|,|,-71.346338|-71.285606|-71.285606|-71.346338|41.451004|41.451004|41.52333|41.52333,Rhode Island
962581911460827000,2018-02-11T06:59:46Z,2238488041,ajlahaka,"If you have the flu &amp; don‚Äôt take Tamiflu because you‚Äôre worried about the mild side effects, you‚Äôre gonna die &amp; no one should feel bad for you.

#ModernMeds",Twitter for iPhone,,,,FALSE,FALSE,1,0,ModernMeds,,,,,,,,,,,,,,,en,,,,,https://api.twitter.com/1.1/geo/id/095534ad3107e0e6.json,Louisville,"Louisville, KY",city,United States,US,|,|,-85.847503|-85.597188|-85.597188|-85.847503|38.108678|38.108678|38.282432|38.282432,Kentucky
962555914724237000,2018-02-11T05:16:28Z,150818688,juliethomas5_21,"@melomys @crampell Tamiflu is not the flu shot. Despite the flu shot, people get the flu. Not the same thing. It was because of the copay. Don't lessen her death from crappy insurance because of your ignorance.",Twitter for Android,962444707199513000,113778098,melomys,FALSE,FALSE,0,0,,,,,,,,,,,,,,113778098|14348157,melomys|crampell,en,,,,,https://api.twitter.com/1.1/geo/id/5c6bd208d7ddf9f6.json,Cary,"Cary, NC",city,United States,US,|,|,-78.9448945|-78.7291467|-78.7291467|-78.9448945|35.6443837|35.6443837|35.867993|35.867993,North Carolina
962539783112348000,2018-02-11T04:12:22Z,1556938224,SaratogaGrandma,@Amyrhymeswith @blairbendler @twiztwit @thompspr @tsmd0714 @crampell Tamiflu is not a flu shot.,Twitter for iPad,962486024730497000,152210798,Amyrhymeswith,FALSE,FALSE,0,0,,,,,,,,,,,,,,152210798|15953029|118128955|2904441821|890692436|14348157,Amyrhymeswith|blairbendler|twiztwit|thompspr|tsmd0714|crampell,en,,,,,https://api.twitter.com/1.1/geo/id/0086451d11cadd9f.json,Travers Corners,"Travers Corners, NY",city,United States,US,|,|,-73.773921|-73.712317|-73.712317|-73.773921|43.095818|43.095818|43.1895451|43.1895451,New York
962523869587345000,2018-02-11T03:09:07Z,7862582,gminks,"I felt like garbage yesterday, started running a fever around 5, called teladoc and got prescribed tamiflu and took the 1st dose by 6.
Today no fever, but completely wiped out and can't breathe. 
My chest is burny.",Twitter for Android,,,,FALSE,FALSE,1,0,,,,,,,,,,,,,,,,en,,,,,https://api.twitter.com/1.1/geo/id/c3f37afa9efcf94b.json,Austin,"Austin, TX",city,United States,US,|,|,-97.928935|-97.5805133|-97.5805133|-97.928935|30.127892|30.127892|30.5187994|30.5187994,Texas
962522702258016000,2018-02-11T03:04:29Z,7862582,gminks,"This is why I was so upset at the cost of my tamiflu. I asked @Aetna what happens if you can't afford $100, why can't something be done during an epidemic. 
This is horrible. https://t.co/hwgX3fRsI4",Twitter for Android,,,,FALSE,FALSE,1,2,,,twitter.com/crampell/statu‚Ä¶,https://t.co/hwgX3fRsI4,https://twitter.com/crampell/status/962435510726791169,,,,,,,,,16188518,Aetna,en,,,,,https://api.twitter.com/1.1/geo/id/c3f37afa9efcf94b.json,Austin,"Austin, TX",city,United States,US,|,|,-97.928935|-97.5805133|-97.5805133|-97.928935|30.127892|30.127892|30.5187994|30.5187994,Texas
962519926257877000,2018-02-11T02:53:27Z,34322141,RobinWagner8,"@JasperJay40 Ugh this is so problematic. After working in the pharmacy I have learned that Tamiflu is mostly useless, yet people often pay over $100 for it. Agree with your sentiments wholeheartedly. This flu season has taught me a lot though.",Twitter for iPhone,962490597331296000,1019120136,JasperJay40,FALSE,FALSE,2,0,,,,,,,,,,,,,,1019120136,JasperJay40,en,,,,,https://api.twitter.com/1.1/geo/id/00d1c94455339375.json,Greece,"Greece, NY",city,United States,US,|,|,-77.761369|-77.615702|-77.615702|-77.761369|43.178823|43.178823|43.32408|43.32408,New York
962499497594098000,2018-02-11T01:32:17Z,33583726,notakebax,@paulafaris Tamiflu works for alot of folks I know just watch for allergy reactions.  Those that have them are bad.,Twitter for Android,962484391061672000,96848782,paulafaris,FALSE,FALSE,0,0,,,,,,,,,,,,,,96848782,paulafaris,en,,,,,https://api.twitter.com/1.1/geo/id/d80b08cb877e8da3.json,Spring Hill,"Spring Hill, KS",city,United States,US,|,|,-94.83938|-94.806956|-94.806956|-94.83938|38.716043|38.716043|38.77043|38.77043,Kansas
962496290721616000,2018-02-11T01:19:32Z,30137215,major_kk,@GMA y‚Äôall take care of @paulafaris for us! We love her as I know you all do. Get her some #TAMIFLU ASAP!!! This #flu is scary this year. #worried üòß,Twitter for iPhone,,22650211,GMA,FALSE,FALSE,0,0,TAMIFLU|flu|worried,,,,,,,,,,,,,22650211|96848782,GMA|paulafaris,en,,,,,https://api.twitter.com/1.1/geo/id/c3f37afa9efcf94b.json,Austin,"Austin, TX",city,United States,US,|,|,-97.928935|-97.5805133|-97.5805133|-97.928935|30.127892|30.127892|30.5187994|30.5187994,Texas
962494778016346000,2018-02-11T01:13:32Z,403771971,LeslieBattenND,@alexhcranz I read this story and wondered why her doctor didn‚Äôt suggest over-the-counter Tamiflu rather than a prescribed generic that cost substantially more.,Twitter for iPhone,962415130163245000,65817587,alexhcranz,FALSE,FALSE,0,0,,,,,,,,,,,,,,65817587,alexhcranz,en,,,,,https://api.twitter.com/1.1/geo/id/dc3747428fa88cab.json,Spokane,"Spokane, WA",city,United States,US,|,|,-117.565226|-117.303868|-117.303868|-117.565226|47.5742|47.5742|47.760676|47.760676,Washington
962473320103989000,2018-02-10T23:48:16Z,15812228,TracyNovick,"And Tamiflu is not cheap, even with good health insurance",Twitter for iPhone,,,,FALSE,FALSE,1,0,,,,,,,,,,,,,,,,en,,,,,https://api.twitter.com/1.1/geo/id/28db2dbc4240f0b2.json,Worcester,"Worcester, MA",city,United States,US,|,|,-71.893265|-71.731611|-71.731611|-71.893265|42.210065|42.210065|42.341455|42.341455,Massachusetts
962472486666371000,2018-02-10T23:44:57Z,1886966870,Kandysej,"Girl no they didn‚Äôt, because I‚Äôm a pharmacy tech and you can‚Äôt give me any old bs ! Plus I‚Äôm allergic to Tamiflu üò¢ https://t.co/Bf9OMnGUEe",Twitter for iPhone,,,,FALSE,FALSE,0,0,,,twitter.com/thekanbammz/st‚Ä¶,https://t.co/Bf9OMnGUEe,https://twitter.com/thekanbammz/status/962420089189478401,,,,,,,,,,,en,,,,,https://api.twitter.com/1.1/geo/id/005151f517b0d4f1.json,Lakeland Heights,"Lakeland Heights, TX",city,United States,US,|,|,-97.078573|-96.943763|-96.943763|-97.078573|32.563973|32.563973|32.747383|32.747383,Texas
962459208800244000,2018-02-10T22:52:11Z,759874010,JennaNicoleRose,@jillkgb @alexhcranz I work for the state of Texas. My son needed tamiflu.  It was $60 with insurance.  Luckily I have a flex account.,Twitter for Android,962443171614651000,210497444,jillkgb,FALSE,FALSE,25,1,,,,,,,,,,,,,,210497444|65817587,jillkgb|alexhcranz,en,,,,,https://api.twitter.com/1.1/geo/id/c3bf7e4412fa281d.json,Richmond,"Richmond, TX",city,United States,US,|,|,-95.786253|-95.715457|-95.715457|-95.786253|29.546192|29.546192|29.598952|29.598952,Texas
962438476409995000,2018-02-10T21:29:48Z,65458960,djglidden,@NikkiPa68851103 In addition to large doses of Sinement I take Amentadine daily for the Parkinson's but Amentadine was originally developed for the flu and is very similar to Tamiflu so the two can't be taken together.,Twitter for Android,9.62420584931e+17,955217036262674000,NikkiPa68851103,FALSE,FALSE,2,0,,,,,,,,,,,,,,955217036262674434,NikkiPa68851103,en,,,,,https://api.twitter.com/1.1/geo/id/3e711c16431907f4.json,Lynn,"Lynn, MA",city,United States,US,|,|,-71.01153|-70.92218|-70.92218|-71.01153|42.444954|42.444954|42.51252|42.51252,Massachusetts
962433872741876000,2018-02-10T21:11:31Z,16342328,movinmeat,This sucks on many levels but worth revisiting the fact that Tamiflu has no proven benefit in preventing death from influenza https://t.co/l1htcTjdmu,Tweetbot for iŒüS,,,,TRUE,FALSE,25,8,,,twitter.com/alexhcranz/sta‚Ä¶,https://t.co/l1htcTjdmu,https://twitter.com/alexhcranz/status/962415130163245056,,,,,,,,,,,en,962415130163245000,"cool cool cool a 28-year old woman died from flu complications because she couldn‚Äôt afford a $116 copay.

https://t.co/pha7XuOy42",,,https://api.twitter.com/1.1/geo/id/59454533edec2571.json,Woodinville,"Woodinville, WA",city,United States,US,|,|,-122.1764064|-122.108973|-122.108973|-122.1764064|47.723831|47.723831|47.776251|47.776251,Washington
