status_id,created_at,user_id,screen_name,text,source,reply_to_status_id,reply_to_user_id,reply_to_screen_name,is_quote,is_retweet,favorite_count,retweet_count,hashtags,symbols,urls_url,urls_t.co,urls_expanded_url,media_url,media_t.co,media_expanded_url,media_type,ext_media_url,ext_media_t.co,ext_media_expanded_url,ext_media_type,mentions_user_id,mentions_screen_name,lang,quoted_status_id,quoted_text,retweet_status_id,retweet_text,place_url,place_name,place_full_name,place_type,country,country_code,geo_coords,coords_coords,bbox_coords,lng,lat
976301599294242821,2018-03-21T03:36:54Z,793330032,Lgdavis7987,@DCarr75 @derekcarrqb this past 24 hour been tough for me guys my body is ache and my knee and elbow and head and fingers last night after we went grocery shopping I come home and it was worse I got hot and got in tee shirt and short I got the cold chill in my body,Twitter Lite,,43213889,DCarr75,FALSE,FALSE,0,0,,,,,,,,,,,,,,43213889|2271284180,DCarr75|derekcarrqb,en,,,,,,,,,,,|,|,|||||||,,
976290517842526209,2018-03-21T02:52:52Z,937876717548593153,Cristalitaaa_xo,Why does my body ache again? I thought I was getting better üôÑ,Twitter for iPhone,976290303094145024,937876717548593153,Cristalitaaa_xo,FALSE,FALSE,0,0,,,,,,,,,,,,,,,,en,,,,,,,,,,,|,|,|||||||,,
976288192834891781,2018-03-21T02:43:38Z,787128210395758592,corissa_haury,pushed myself a lot in derby skate class and afterward with a roller skating friend... my legs ache but my body knows there is a good reason: a skill is being acquired.,Twitter for iPhone,,,,FALSE,FALSE,5,0,,,,,,,,,,,,,,,,en,,,,,,,,,,,|,|,|||||||,,
976246022341996544,2018-03-20T23:56:04Z,4532912489,rubyaddiline,‚ÄúYou &amp; ur bullshit make my whole body ache.‚Äù,Twitter for iPhone,,,,FALSE,FALSE,0,0,,,,,,,,,,,,,,,,en,,,,,,,,,,,|,|,|||||||,,
976201123894788096,2018-03-20T20:57:39Z,805908859332202496,PainterPay,"@Goss30Goss Doesn't your whole heart &amp; mind &amp; soul &amp; body just ache for the good ol' days of yesteryear that were, in fact, a mere 14 months ago today. It was so very long ago &amp; I was so young then. I've learned things close up &amp; personal I never wanted to know.",Twitter Web Client,976169980696907778,2869858477,Goss30Goss,FALSE,FALSE,3,1,,,,,,,,,,,,,,2869858477,Goss30Goss,en,,,,,,,,,,,|,|,|||||||,,
976178780564742145,2018-03-20T19:28:52Z,910828598,CortneyMikel83,"I seriously hate that the weather changes make my body ache. If you are going through this, I totally get how you feel and I hope that your pain can be eased. I would never wish this on my worst enemy. ‚ù§ #chronicillness #chronicpain #spoonie #painsucks #ihopeyoufeelbetter",Twitter for Android,,,,FALSE,FALSE,2,0,chronicillness|chronicpain|spoonie|painsucks|ihopeyoufeelbetter,,,,,,,,,,,,,,,en,,,,,,,,,,,|,|,|||||||,,
976173861308915712,2018-03-20T19:09:19Z,2462748173,saharaaaaa_,Why does my body always ache with my old ass,Twitter for iPhone,,,,FALSE,FALSE,0,0,,,,,,,,,,,,,,,,en,,,,,,,,,,,|,|,|||||||,,
976149285946392576,2018-03-20T17:31:40Z,2958606704,ladyseraz,"Once i'm not prey to the whims of my exhaustion, i'll be able to stick to my schedule perfectly. Today is supposed to be creative but my whole body, including my wrists, ache for some reason, so I'm gonna play stardew valley instead.",Twitter Web Client,,,,FALSE,FALSE,0,0,,,,,,,,,,,,,,,,en,,,,,,,,,,,|,|,|||||||,,
976106566058496002,2018-03-20T14:41:55Z,324485433,casarabideau,studying the skeletal system makes my entire body ache,Twitter for iPhone,,,,FALSE,FALSE,1,0,,,,,,,,,,,,,,,,en,,,,,,,,,,,|,|,|||||||,,
976057418651258880,2018-03-20T11:26:37Z,3044279919,fatvampirebitch,"Me: i really need to try to sleep.
Body: hm. That's nice. How about we become hyper aware of every ache and pain going from a 4 to a 6 or 7?
Me: Can we not?
Body; WHOOPS TOO LATE.",Twitter for Android,,,,FALSE,FALSE,0,0,,,,,,,,,,,,,,,,en,,,,,,,,,,,|,|,|||||||,,
975981188396404736,2018-03-20T06:23:42Z,795501120797839360,claruuuuuuuh,It's either I'm hungry or sleepy. Sometimes both. Plus hot flashes and a head ache. Wow my body is changing,Twitter for Android,,,,FALSE,FALSE,0,0,,,,,,,,,,,,,,,,en,,,,,,,,,,,|,|,|||||||,,
975961721452941313,2018-03-20T05:06:21Z,2463908671,seagraves_hanna,"I have the worst head ache ever, I can feel my whole body throbbing :/",Twitter for iPhone,,,,FALSE,FALSE,0,0,,,,,,,,,,,,,,,,en,,,,,https://api.twitter.com/1.1/geo/id/309e4f83032e9413.json,Discovery Bay,"Discovery Bay, CA",city,United States,US,|,|,-121.6414764|-121.586181|-121.586181|-121.6414764|37.889142|37.889142|37.932788|37.932788,-121.6138287,37.910965
975957485117874176,2018-03-20T04:49:31Z,164222579,escortsandbabes,"I am a sexual goddess who will seduce your body and satisfy your every desire. From the bedroom to the dinner table, i have the qualities that will make you ache for more.

Book on...  @SashaHeartx https://t.co/Ck6WDjFcXf https://t.co/ctEg9W8A4o",EB Twitter App,,,,FALSE,FALSE,3,1,,,escortsandbabes.com.au/Profile/VIC/Me‚Ä¶,https://t.co/Ck6WDjFcXf,https://www.escortsandbabes.com.au/Profile/VIC/Melbourne/Independent/sashaheartx/,http://pbs.twimg.com/media/DYtMKCFU0AA5XJd.jpg,https://t.co/ctEg9W8A4o,https://twitter.com/escortsandbabes/status/975957485117874176/photo/1,photo,http://pbs.twimg.com/media/DYtMKCFU0AA5XJd.jpg,https://t.co/ctEg9W8A4o,https://twitter.com/escortsandbabes/status/975957485117874176/photo/1,,965235961163522049,SashaHeartx,en,,,,,,,,,,,|,|,|||||||,,
975950070137982977,2018-03-20T04:20:03Z,2965483701,IIIJaneIII,"Depression sucks.
It makes my body ache.
It makes my heart tremble.
It makes my head throb.
It‚Äôs makes tears fall.
It makes me want to miss it all.
It makes me want stay inside and sleep all day and causes me to worry all night.
It makes question everything.
Depression F you. https://t.co/FeJZ774MbW",Twitter for iPhone,,,,FALSE,FALSE,1,0,,,,,,http://pbs.twimg.com/tweet_video_thumb/DYtFaCcW4AA-sow.jpg,https://t.co/FeJZ774MbW,https://twitter.com/IIIJaneIII/status/975950070137982977/photo/1,photo,http://pbs.twimg.com/tweet_video_thumb/DYtFaCcW4AA-sow.jpg,https://t.co/FeJZ774MbW,https://twitter.com/IIIJaneIII/status/975950070137982977/photo/1,,,,en,,,,,https://api.twitter.com/1.1/geo/id/dd9c503d6c35364b.json,Pennsylvania,"Pennsylvania, USA",admin,United States,US,|,|,-80.519851|-74.689517|-74.689517|-80.519851|39.719801|39.719801|42.516072|42.516072,-77.604684,41.1179365
975934981674553346,2018-03-20T03:20:06Z,2544942936,fIoraIjk,"it really makes my body ache to even see them in pain, or jimin crying MY gOD 

but again they need the support.. they really do, and thats whats comforting me rn

i hope armys will respect the personal aspect and the private things that they do want to be handled delicately",Twitter for iPhone,975934405507256320,2544942936,fIoraIjk,FALSE,FALSE,10,0,,,,,,,,,,,,,,,,en,,,,,,,,,,,|,|,|||||||,,
975934594192232448,2018-03-20T03:18:33Z,251854413,stritt72,"@MackenzieMauzy ‚ÄúMy heart is set.
My body, all fluttery. 
My breath, sporadic. 
I can't help but think about you.
It seems that I am losing control. 
I only ache when you're not around. 
Weak only when I lust your grasp.‚Äù ‚ù§Ô∏è 
(Cont. üëáüèª)",Twitter for iPhone,975930697671098368,2727345293,MackenzieMauzy,FALSE,FALSE,0,0,,,,,,,,,,,,,,2727345293,MackenzieMauzy,en,,,,,,,,,,,|,|,|||||||,,
975921802995228675,2018-03-20T02:27:44Z,831912868891201536,Amberblow22,I‚Äôm genuinely so destroyed mentally it makes my body ache.,Twitter for iPhone,,,,FALSE,FALSE,1,0,,,,,,,,,,,,,,,,en,,,,,,,,,,,|,|,|||||||,,
975911749026185216,2018-03-20T01:47:47Z,889134256269774848,Jazzieleeb,Time to pay my favorite adult game: Why Does This Random Body Part Ache Today? #Adulting,Twitter Lite,,,,FALSE,FALSE,0,0,Adulting,,,,,,,,,,,,,,,en,,,,,,,,,,,|,|,|||||||,,
975901675570581504,2018-03-20T01:07:45Z,2395237087,MaiahChanel,School makes my body ache,Twitter Web Client,,,,FALSE,FALSE,1,0,,,,,,,,,,,,,,,,en,,,,,,,,,,,|,|,|||||||,,
975897028571037697,2018-03-20T00:49:17Z,790005852732321792,FierceSeduction,"@OfProprietorial Smiling at his words the brunette closed her eyes as he placed another kiss against her lips, this one was much different then the one before, which her body quickly reacted too. Her stomach instantly started to ache with butterflies, every move he made only making it worse. All+",Twitter Web Client,975124546431922184,1925963196,OfProprietorial,FALSE,FALSE,0,0,,,,,,,,,,,,,,1925963196,OfProprietorial,en,,,,,,,,,,,|,|,|||||||,,
975875056395018240,2018-03-19T23:21:58Z,632743024,AmandaIrian,I‚Äôm dying at school. I feel so sick ü§í &amp; it‚Äôs freezing in my class making my body ache more than what it already is. üôÅ,Twitter for iPhone,,,,FALSE,FALSE,0,0,,,,,,,,,,,,,,,,en,,,,,https://api.twitter.com/1.1/geo/id/1c69a67ad480e1b1.json,Houston,"Houston, TX",city,United States,US,|,|,-95.823268|-95.069705|-95.069705|-95.823268|29.522325|29.522325|30.1546646|30.1546646,-95.4464865,29.8384948
975865966121930752,2018-03-19T22:45:51Z,2186880008,cashmoneykyra,all this coughing is making my body ache üò¢,Twitter for iPhone,,,,FALSE,FALSE,1,1,,,,,,,,,,,,,,,,en,,,,,,,,,,,|,|,|||||||,,
975863526039392257,2018-03-19T22:36:09Z,81160050,Freedom4unow,"#LegDay when your legs ache, your body burns, you are covered in sweat, you know you're doing something right! https://t.co/bxAzYe0o8i",SocialOomph,,,,FALSE,FALSE,1,0,LegDay,,WhyNotBeHealthy.com,https://t.co/bxAzYe0o8i,http://WhyNotBeHealthy.com,,,,,,,,,,,en,,,,,,,,,,,|,|,|||||||,,
975818187810988033,2018-03-19T19:36:00Z,47351079,AmandaMoJo,"@abbyjperry Abby, that piece made me ache in so many ways. Thank you for sharing your journey. In a different way I am also having to do what feels like a ridiculous amount of work to care for myself. It's such a weird season. I pray you will thrive in body, soul and spirit - and me too.",Twitter Web Client,975760679561986048,17584679,abbyjperry,FALSE,FALSE,5,0,,,,,,,,,,,,,,17584679,abbyjperry,en,,,,,,,,,,,|,|,|||||||,,
975810408572510208,2018-03-19T19:05:05Z,788027798946545664,Intellinetix_,Undo the physical effects of sitting at a desk all day: https://t.co/S9SK3Huw7E via @bwbusinessworld,Hootsuite,,,,FALSE,FALSE,1,0,,,ht.ly/In3430j2g6O,https://t.co/S9SK3Huw7E,http://ht.ly/In3430j2g6O,,,,,,,,,36894968,BWBusinessworld,en,,,,,,,,,,,|,|,|||||||,,
975791868322529281,2018-03-19T17:51:25Z,37787649,aidan_elyse,"You know dairy isn‚Äôt meant for your body when you don‚Äôt drink it often but when you do you get a terrible stomach ache ü§¢ hot damn, why do you do this to me chocolate milk!",Twitter for iPhone,,,,FALSE,FALSE,3,0,,,,,,,,,,,,,,,,en,,,,,https://api.twitter.com/1.1/geo/id/737fcb9daae404ac.json,Boise,"Boise, ID",city,United States,US,|,|,-116.374494|-116.101508|-116.101508|-116.374494|43.510172|43.510172|43.685894|43.685894,-116.238001,43.598033
975781382852136961,2018-03-19T17:09:45Z,826516575687737346,itskamibruhh,"I don‚Äôt need you... but damn does my  heart, body, and soul ache for youüñ§",Twitter for iPhone,,,,FALSE,FALSE,1,0,,,,,,,,,,,,,,,,en,,,,,,,,,,,|,|,|||||||,,
975763567004868608,2018-03-19T15:58:57Z,787472715145850880,DribblezDaHyena,"I‚Äôm reaching
I‚Äôma reach.. IN!

I reach in
You crawl away
They follow
In pain
Reach reach reach
You reach in
I crawl away
You follow

I lie awake in the morning
I don‚Äôt feel my eyes bleed
I see the sunlight
Will you feel the energy
Will you feel my body ache!
I reach in
I reach in",Twitter Web Client,975763115643203584,787472715145850880,DribblezDaHyena,FALSE,FALSE,0,0,,,,,,,,,,,,,,,,en,,,,,,,,,,,|,|,|||||||,,
975760820834656257,2018-03-19T15:48:03Z,2163641294,DustinEdwards98,"There‚Äôs times where I miss the thought of you but my body and my mind don‚Äôt ache for your current state, but more of the you I fell in love with in the Fall of 2016, but looking back at those times, I was stuck and you saved me from a life so troublesome, but put me through hell",Twitter for iPhone,,,,FALSE,FALSE,0,0,,,,,,,,,,,,,,,,en,,,,,,,,,,,|,|,|||||||,,
975756927673274369,2018-03-19T15:32:34Z,883692113350840321,PrestilRJ,@ladyborea Maybe it's the 24 hr flu bug and not the 2 week body ache type of flu...rest as best as you are able too...,Twitter for Android,975754937769582593,3215256363,ladyborea,FALSE,FALSE,1,0,,,,,,,,,,,,,,3215256363,ladyborea,en,,,,,,,,,,,|,|,|||||||,,
975749928340410369,2018-03-19T15:04:46Z,429055281,klubvs,Bought myself a copy of Milk and Honey. It causes my body to weep and soul to ache. I am on my way.,Twitter for iPhone,,,,FALSE,FALSE,0,0,,,,,,,,,,,,,,,,en,,,,,,,,,,,|,|,|||||||,,
975740865128861700,2018-03-19T14:28:45Z,33706857,cndygrm,"I just want it all 
In my head in my veins 
In the way you give and take 
In the way that you ache 
On my body, on my brain...",Twitter for iPhone,,,,FALSE,FALSE,2,1,,,,,,,,,,,,,,,,en,,,,,,,,,,,|,|,|||||||,,
975685546638012417,2018-03-19T10:48:56Z,782897287,Dr0pDeadKase,"Mtn Dew makes my whole body ache. Pasta makes my stomach hurt, and fucking coffee",Twitter for iPhone,,,,FALSE,FALSE,1,0,,,,,,,,,,,,,,,,en,,,,,,,,,,,|,|,|||||||,,
975674767415050240,2018-03-19T10:06:06Z,261763305,sazcreavo,"i cant even remember the last time my body didnt ache, need one of them medieval body stretchers wouldnt b torture for my back",Twitter for iPhone,,,,FALSE,FALSE,8,0,,,,,,,,,,,,,,,,en,,,,,,,,,,,|,|,|||||||,,
975649339010936832,2018-03-19T08:25:03Z,1960838256,VioletWreck,I really need to get a body pillow lmao my knees ache all the time because I only sleep on my side,Twitter for Android,,,,FALSE,FALSE,0,0,,,,,,,,,,,,,,,,en,,,,,,,,,,,|,|,|||||||,,
975608839209930752,2018-03-19T05:44:07Z,276081717,TayKnosBest,"When I don‚Äôt want to do something my body start falling apart. Like I don‚Äôt want to work today, now I have a headache and stomach ache!",Twitter for iPhone,,,,FALSE,FALSE,0,0,,,,,,,,,,,,,,,,en,,,,,,,,,,,|,|,|||||||,,
975602040930996224,2018-03-19T05:17:07Z,63898680,ammq64,@SvenRoyalChef Sorry but that attire is giving body ache from head to toes,Twitter for iPhone,975601555146661888,923795987604180993,SvenRoyalChef,FALSE,FALSE,5,2,,,,,,,,,,,,,,923795987604180993,SvenRoyalChef,en,,,,,,,,,,,|,|,|||||||,,
975590240034476032,2018-03-19T04:30:13Z,360299796,_CCheyenne,My body starting to ache and it‚Äôs not even in the worst way  üòñ,Twitter for iPhone,,,,FALSE,FALSE,0,0,,,,,,,,,,,,,,,,en,,,,,,,,,,,|,|,|||||||,,
975580775612538880,2018-03-19T03:52:36Z,1023112369,FalloutFPS,"@Pandur___ It‚Äôs just bile, you‚Äôll be good. Threw that up every 15 minutes a few days before Christmas for like 36 hours straight. Body ache for days",Twitter for iPhone,975544930771742720,1265613414,Pandur___,FALSE,FALSE,1,0,,,,,,,,,,,,,,1265613414,Pandur___,en,,,,,https://api.twitter.com/1.1/geo/id/dbd7fea9eedaecd0.json,Claremont,"Claremont, CA",city,United States,US,|,|,-117.7508068|-117.6815385|-117.6815385|-117.7508068|34.0794765|34.0794765|34.1585563|34.1585563,-117.71617265,34.1190164
975578695183323136,2018-03-19T03:44:20Z,27774021,SaintLaSalle,To my Almond Milk drinkers: does the product make your tummy ache? Does the product actually contain dairy?? Does my body have a learning disability????????????????,Twitter for iPhone,,,,FALSE,FALSE,2,0,,,,,,,,,,,,,,,,en,,,,,https://api.twitter.com/1.1/geo/id/d6539f049c4d05e8.json,Lowell,"Lowell, MA",city,United States,US,|,|,-71.382444|-71.271272|-71.271272|-71.382444|42.605989|42.605989|42.666507|42.666507,-71.326858,42.636248
975574985799618560,2018-03-19T03:29:36Z,36204685,iDontFightNerds,I have submerged myself into a tub of hot water with epsom salts because I am old and cons make every joint in my body ache.,Twitter for iPhone,,,,FALSE,FALSE,7,0,,,,,,,,,,,,,,,,en,,,,,,,,,,,|,|,|||||||,,
975566827211317248,2018-03-19T02:57:11Z,40739531,phaythness,I need my lil nana to jump on my back. I guess I‚Äôm old. Can‚Äôt stand out in the cold for hours on end  anymore! It makes my body ache! Hahhaha!! Hom‚Äômeh!,Echofon,,,,FALSE,FALSE,0,0,,,,,,,,,,,,,,,,en,,,,,,,,,,,|,|,|||||||,,
975560746393329664,2018-03-19T02:33:01Z,1524017648,yajairajc_,sometimes you feel things so much it‚Äôs like it makes your body physically ache,Twitter for iPhone,,,,FALSE,FALSE,4,1,,,,,,,,,,,,,,,,en,,,,,,,,,,,|,|,|||||||,,
975550196946894848,2018-03-19T01:51:06Z,3288081744,bbyraindroppz1,"When my body starts to ache out of no where üòë I feel like he‚Äôs coming soon, just not soon enough ü§¶üèΩ‚Äç‚ôÄÔ∏è",Twitter for iPhone,,,,FALSE,FALSE,0,0,,,,,,,,,,,,,,,,en,,,,,,,,,,,|,|,|||||||,,
975540573871407104,2018-03-19T01:12:52Z,236184807,leiale_,Body is on ache mode like wtf üòñ,Twitter for iPhone,,,,FALSE,FALSE,0,0,,,,,,,,,,,,,,,,en,,,,,https://api.twitter.com/1.1/geo/id/3995cc1483801d24.json,Pickerington,"Pickerington, OH",city,United States,US,|,|,-82.797752|-82.684335|-82.684335|-82.797752|39.841431|39.841431|39.939034|39.939034,-82.7410435,39.8902325
975522709781274624,2018-03-19T00:01:53Z,375063847,gemmamerc,I honestly never knew my body could ache and hurt this way,Twitter for iPhone,,,,FALSE,FALSE,0,0,,,,,,,,,,,,,,,,en,,,,,,,,,,,|,|,|||||||,,
975507912687747072,2018-03-18T23:03:05Z,2148325932,KarriRue,"Killer migraine, ear ache, body is sore, and horrendous cramps. #LordTakeMe",Twitter for iPhone,,,,FALSE,FALSE,0,0,LordTakeMe,,,,,,,,,,,,,,,en,,,,,,,,,,,|,|,|||||||,,
975504302524416000,2018-03-18T22:48:44Z,2418116077,ELizabethMShay,"@NuckChorris16 @headdock Oh, I feel for her. For some reason, it helps to have a name on it. If undiagnosed, call it Harry or Ralph. Humour helps. I hope something helps.

Amongst other issues, I have a king-sized case of fibro -- most of my body aches. It's not a little ache. It hurts to get out of bed.",Twitter for Android,975476558977740800,765429769731059712,NuckChorris16,FALSE,FALSE,1,0,,,,,,,,,,,,,,765429769731059712|1884241999,NuckChorris16|headdock,en,,,,,,,,,,,|,|,|||||||,,
975500146439065600,2018-03-18T22:32:13Z,387807960,RunnDattShitt,Whole body ache fr and i don‚Äôt know why don‚Äôt even wanna eat no more,Twitter for iPhone,,,,FALSE,FALSE,0,0,,,,,,,,,,,,,,,,en,,,,,https://api.twitter.com/1.1/geo/id/33d5cf4dea5828c5.json,Beaumont,"Beaumont, TX",city,United States,US,|,|,-94.233379|-94.023888|-94.023888|-94.233379|29.9897153|29.9897153|30.184121|30.184121,-94.1286335,30.08691815
975468435588177920,2018-03-18T20:26:13Z,243073730,ryuichifoxe,No one told me that literally every part of my body would ache after a rock concert. My neck doesn't even wanna lift and I feel hungover gOD,Twitter Web Client,,,,FALSE,FALSE,1,0,,,,,,,,,,,,,,,,en,,,,,,,,,,,|,|,|||||||,,
975456072587792385,2018-03-18T19:37:05Z,1129361282,g0th_matthew,this song literally makes my entire body ache hahahahha https://t.co/fYmsbJ9pXo,Twitter for iPhone,,,,FALSE,FALSE,13,0,,,,,,http://pbs.twimg.com/ext_tw_video_thumb/945137239134150656/pu/img/kaoNlzTJu9_3knMa.jpg,https://t.co/fYmsbJ9pXo,https://twitter.com/wishfuldaniel/status/945137444948791296/video/1,photo,http://pbs.twimg.com/ext_tw_video_thumb/945137239134150656/pu/img/kaoNlzTJu9_3knMa.jpg,https://t.co/fYmsbJ9pXo,https://twitter.com/wishfuldaniel/status/945137444948791296/video/1,,,,en,,,,,,,,,,,|,|,|||||||,,
975452310200553472,2018-03-18T19:22:08Z,882609994515963904,protect4ever,"Just walking into my house, bathrooms, closets, kitchen, back yard and gosh the furniture and clothes etc thing makes my whole body ache!  I hurt on top of hurting and so confusing",Twitter for iPhone,,,,FALSE,FALSE,0,0,,,,,,,,,,,,,,,,en,,,,,,,,,,,|,|,|||||||,,
975409847368785920,2018-03-18T16:33:24Z,724147428845182976,52_pullen,"Ran a fever yesterday and am hopeful this sickness is finished running it's course through my body in every ache imaginable, surely it must have been that flu...",Twitter Web Client,,,,FALSE,FALSE,0,0,,,,,,,,,,,,,,,,en,,,,,,,,,,,|,|,|||||||,,
975396622539649025,2018-03-18T15:40:51Z,205401440,xElleMichelle,Sis really fell though that‚Äôs the highlight of my body ache this morning,Twitter for iPhone,,,,FALSE,FALSE,0,0,,,,,,,,,,,,,,,,en,,,,,,,,,,,|,|,|||||||,,
975370495725129728,2018-03-18T13:57:02Z,820110922668802048,kihyvun,is it normal for you body to ache when u stayed up rly late,Twitter for iPhone,,,,FALSE,FALSE,0,0,,,,,,,,,,,,,,,,en,,,,,,,,,,,|,|,|||||||,,
975368959083077632,2018-03-18T13:50:55Z,30460695,MissCB_Fab,Mixed emotions bc I‚Äôm happy my body is rejecting trash but sad bc of this heart burn and stomach ache oh my god,Twitter for iPhone,,,,FALSE,FALSE,0,0,,,,,,,,,,,,,,,,en,,,,,https://api.twitter.com/1.1/geo/id/18810aa5b43e76c7.json,Dallas,"Dallas, TX",city,United States,US,|,|,-96.977527|-96.54598|-96.54598|-96.977527|32.620678|32.620678|33.019039|33.019039,-96.7617535,32.8198585
975358464200503297,2018-03-18T13:09:13Z,10982332,carissav,"Exactly, @johnnydioso! It was actually a trick question because body ache means you're doing something you love. Headache means the job is not a right fit, heartache means you're dealing with things you don't like. Am actually feeling body ache right now but it's the best option. https://t.co/1VC7IpZbx6",Twitter for Android,,,,TRUE,FALSE,1,0,,,twitter.com/johnnydioso/st‚Ä¶,https://t.co/1VC7IpZbx6,https://twitter.com/johnnydioso/status/975204028278890496,,,,,,,,,874776121,johnnydioso,en,975204028278890496,@carissav Body ache: much harder to concentrate with the other two,,,https://api.twitter.com/1.1/geo/id/b046074b1030a44d.json,Jersey City,"Jersey City, NJ",city,United States,US,|,|,-74.107995|-74.0253309|-74.0253309|-74.107995|40.666879|40.666879|40.769124|40.769124,-74.06666295,40.7180015
975302846139830272,2018-03-18T09:28:13Z,301465734,WhatItIsss_,"body ache, but i gotta keep goin to the papers, my daughter need it all !",Twitter for iPhone,,,,FALSE,FALSE,0,0,,,,,,,,,,,,,,,,en,,,,,,,,,,,|,|,|||||||,,
975240465808347137,2018-03-18T05:20:20Z,920488899763425280,jjorgeg24,Working out is how i get things off my mind dealing with anger and frustration. Can‚Äôt take it out on anyone so might as well as make my body acheüòÇ,Twitter for iPhone,,,,FALSE,FALSE,2,0,,,,,,,,,,,,,,,,en,,,,,https://api.twitter.com/1.1/geo/id/e0060cda70f5f341.json,Texas,"Texas, USA",admin,United States,US,|,|,-106.645646|-93.508131|-93.508131|-106.645646|25.837092|25.837092|36.500695|36.500695,-100.0768885,31.1688935
975234546185613312,2018-03-18T04:56:49Z,37854415,microbrien,getting older is hilarious like does my body ache today because I moved yesterday or because I didn‚Äôt today?,Twitter for iPhone,,,,FALSE,FALSE,14,2,,,,,,,,,,,,,,,,en,,,,,https://api.twitter.com/1.1/geo/id/3b77caf94bfc81fe.json,Los Angeles,"Los Angeles, CA",city,United States,US,|,|,-118.668404|-118.155409|-118.155409|-118.668404|33.704538|33.704538|34.337041|34.337041,-118.4119065,34.0207895
975231743459405824,2018-03-18T04:45:41Z,829524077358379008,_Yailinnn,I absolutely hate cleaning the floors at work. Makes my whole body ache. Really wanna start looking for another job üò≠,Twitter for iPhone,,,,FALSE,FALSE,3,2,,,,,,,,,,,,,,,,en,,,,,,,,,,,|,|,|||||||,,
975207539443875840,2018-03-18T03:09:30Z,1062440012,LilDivaa25,I definitely making myself go swimming tomorrow. I can already feel my body üòñ ache,Twitter for iPhone,,,,FALSE,FALSE,0,0,,,,,,,,,,,,,,,,en,,,,,,,,,,,|,|,|||||||,,
975204028278890496,2018-03-18T02:55:33Z,874776121,johnnydioso,@carissav Body ache: much harder to concentrate with the other two,Twitter for iPhone,975197600755453953,10982332,carissav,FALSE,FALSE,0,0,,,,,,,,,,,,,,10982332,carissav,en,,,,,https://api.twitter.com/1.1/geo/id/011add077f4d2da3.json,Brooklyn,"Brooklyn, NY",city,United States,US,|,|,-74.041878|-73.855673|-73.855673|-74.041878|40.570842|40.570842|40.739434|40.739434,-73.9487755,40.655138
975197600755453953,2018-03-18T02:30:00Z,10982332,carissav,"When working, would you rather have body ache, heart ache or head ache?",Twitter for Android,,,,FALSE,FALSE,1,0,,,,,,,,,,,,,,,,en,,,,,https://api.twitter.com/1.1/geo/id/b046074b1030a44d.json,Jersey City,"Jersey City, NJ",city,United States,US,|,|,-74.107995|-74.0253309|-74.0253309|-74.107995|40.666879|40.666879|40.769124|40.769124,-74.06666295,40.7180015
975192482597261312,2018-03-18T02:09:40Z,4419871,jessikate,There's something utterly exhausting about shoulder pain compared to just about any other body ache. Uggggh.,Twitter for Android,,,,FALSE,FALSE,2,0,,,,,,,,,,,,,,,,en,,,,,https://api.twitter.com/1.1/geo/id/60e2c37980197297.json,St Paul,"St Paul, MN",city,United States,US,|,|,-93.207783|-93.003514|-93.003514|-93.207783|44.8907521|44.8907521|44.992279|44.992279,-93.1056485,44.94151555
975191981868466176,2018-03-18T02:07:41Z,489020907,hwaynewaters,@bellaluz88 Do you remember that I told you you can take high dose ibuprofen with Tylenol to treat your headache and body ache? So you can take 600 to 800 mg of ibuprofen with 500 to 1000 mg of Tylenol. The worse the pain - The higher the dose you can use.,Twitter for iPad,975191334574346247,808289413818105856,bellaluz88,FALSE,FALSE,1,1,,,,,,,,,,,,,,808289413818105856,bellaluz88,en,,,,,https://api.twitter.com/1.1/geo/id/36148a9a49d3da69.json,Thornton,"Thornton, CO",city,United States,US,|,|,-105.015543|-104.884147|-104.884147|-105.015543|39.838926|39.838926|39.972023|39.972023,-104.949845,39.9054745
975176054120861697,2018-03-18T01:04:23Z,4156807342,dghatfield1,@realDonaldTrump Stop talking. It literal make my whole body ache! #Resign #ResignNow #BlueWave2018 #CowardGOP #@SenateMajLdr @SpeakerRyan,Twitter for iPhone,975163071361683456,25073877,realDonaldTrump,FALSE,FALSE,0,0,Resign|ResignNow|BlueWave2018|CowardGOP,,,,,,,,,,,,,25073877|18916432,realDonaldTrump|SpeakerRyan,en,,,,,https://api.twitter.com/1.1/geo/id/ed533c46fccc00fb.json,Pratt,"Pratt, KS",city,United States,US,|,|,-98.766844|-98.711854|-98.711854|-98.766844|37.63509|37.63509|37.660735|37.660735,-98.739349,37.6479125
975140009589264384,2018-03-17T22:41:10Z,25884197,cjwthankyou,"Today wasn‚Äôt my day. Between extreme exhaustion, a head ache, beginning of maybe a cold and an upset stomach my body wasn‚Äôt having it. I gave it 3 miles. Slow miles. And now walking home. I tried. And I‚Äôm proud I did. #SeenOnMyRun https://t.co/o5dxornvhv",Twitter for iPhone,,,,FALSE,FALSE,1,0,SeenOnMyRun,,,,,http://pbs.twimg.com/media/DYhkqRFWkAISEr-.jpg,https://t.co/o5dxornvhv,https://twitter.com/cjwthankyou/status/975140009589264384/photo/1,photo,http://pbs.twimg.com/media/DYhkqRFWkAISEr-.jpg,https://t.co/o5dxornvhv,https://twitter.com/cjwthankyou/status/975140009589264384/photo/1,,,,en,,,,,,,,,,,|,|,|||||||,,
975138477749755904,2018-03-17T22:35:04Z,41269340,RustyGoat,"'Drug of Choice' https://t.co/5BQIYAzRNg I was back at the doctor's office.
""Those pills you gave me don't work! I still ache all over my body."" I spewed, squinting my eyes at him.
""They're not supposed to make you feel better...",Hootsuite,,,,FALSE,FALSE,0,0,,,ow.ly/d93p30j0kb3,https://t.co/5BQIYAzRNg,http://ow.ly/d93p30j0kb3,,,,,,,,,,,en,,,,,,,,,,,|,|,|||||||,,
975109371356213248,2018-03-17T20:39:25Z,512769557,cheesebergstr,came home from work and my brain wants to draw so badly but my body is exhausted from standing for 8hrs and my hands ache from using a knife the whole time üòìüò≠üíÄ,Twitter for iPhone,,,,FALSE,FALSE,0,0,,,,,,,,,,,,,,,,en,,,,,https://api.twitter.com/1.1/geo/id/92b2158a6d509767.json,Ann Arbor,"Ann Arbor, MI",city,United States,US,|,|,-83.800262|-83.659681|-83.659681|-83.800262|42.215087|42.215087|42.326592|42.326592,-83.7299715,42.2708395
975101057347932160,2018-03-17T20:06:23Z,947594668039999488,RadioheadDaily,"If your body doesn't ache to throw it down when Thom states ""Ice Age coming, Ice Age coming,"" well I supposed that's fine, but there is a horde that needs to do each time.",Twitter for Android,975100963198451712,947594668039999488,RadioheadDaily,FALSE,FALSE,0,0,,,,,,,,,,,,,,,,en,,,,,,,,,,,|,|,|||||||,,
975100345733939200,2018-03-17T20:03:33Z,569674826,Kilayu,Moves slightly and feels every bone in my body ache like the old man I am,TweetCaster for Android,,,,FALSE,FALSE,4,0,,,,,,,,,,,,,,,,en,,,,,,,,,,,|,|,|||||||,,
975083787238420480,2018-03-17T18:57:45Z,245017644,Teresaspersonal,"@ArnottKathryn It's long term my #Fibromyalgia is really kicking in today (like the flu body ache) all over &amp; my kidneys are hurting. I got some scans booked in monday afternoon,hoping nothing spread to them",Twitter Web Client,975070883466416128,2985611289,ArnottKathryn,FALSE,FALSE,2,0,Fibromyalgia,,,,,,,,,,,,,2985611289,ArnottKathryn,en,,,,,,,,,,,|,|,|||||||,,
975082213128785920,2018-03-17T18:51:30Z,914848558733389825,white_lung_,@gay_trek VS full body and mind ache from caffeine üòé‚òïÔ∏èüÜô,Twitter Lite,975060644402778113,272216491,gay_trek,FALSE,FALSE,1,1,,,,,,,,,,,,,,272216491,gay_trek,en,,,,,,,,,,,|,|,|||||||,,
975078538427576320,2018-03-17T18:36:54Z,417186728,caper3940,"Day 3 Testimonial- Plantar Fasciitis pain relief, body ache relief, improved mood.  

My bottle of 500 arrived 3... https://t.co/Mfqb1AQawy",Facebook,,,,FALSE,FALSE,0,0,,,fb.me/ITBrGdzC,https://t.co/Mfqb1AQawy,https://fb.me/ITBrGdzC,,,,,,,,,,,en,,,,,,,,,,,|,|,|||||||,,
975040010410954752,2018-03-17T16:03:48Z,3098161804,Tileiya,"And while women have sexually abused me as well, it all started with somebody exotifing me. I have to admit that the impact from men exotifing me then assaulting or abusing me pulses an even more traumatic ache without my body.",Twitter for Android,975037381928775680,3098161804,Tileiya,FALSE,FALSE,10,1,,,,,,,,,,,,,,,,en,,,,,,,,,,,|,|,|||||||,,
975029214368890880,2018-03-17T15:20:54Z,112648408,josecno1,I feel a little worse than yesterday. But still able to function through the cold. Just body ache and cough. Not too bad.,Facebook,,,,FALSE,FALSE,0,0,,,,,,,,,,,,,,,,en,,,,,,,,,,,|,|,|||||||,,
975027718852001793,2018-03-17T15:14:57Z,88539223,DaniiicaE,Awake üò≥ I got 7hours of sleep üôåüèª I thought I was coming down to something lastnight coz my body ache but I guess the sleepless nights was just finally kicking in üòÇ but I feel better now üôèüèª,Twitter for iPhone,,,,FALSE,FALSE,0,0,,,,,,,,,,,,,,,,en,,,,,,,,,,,|,|,|||||||,,
975017373207023616,2018-03-17T14:33:51Z,475134946,MaddieBohlen,Any one else‚Äôs body ache from alcohol abuse or am I just a huge boner?,Twitter for iPhone,,,,FALSE,FALSE,29,0,,,,,,,,,,,,,,,,en,,,,,,,,,,,|,|,|||||||,,
974933603938312192,2018-03-17T09:00:59Z,3141378781,joshhheeee,I drink alcohol and I wake up with a head ache. I don‚Äôt drink alcohol and I still wake up with a head ache. Fuck you body.,Twitter for iPhone,,,,FALSE,FALSE,2,0,,,,,,,,,,,,,,,,en,,,,,,,,,,,|,|,|||||||,,
974924853164855297,2018-03-17T08:26:12Z,222180874,JrockIBetItBuzz,My body ache like shi ü§¶üèæ‚Äç‚ôÇÔ∏è,Twitter for iPhone,,,,FALSE,FALSE,0,2,,,,,,,,,,,,,,,,en,,,,,https://api.twitter.com/1.1/geo/id/c3f37afa9efcf94b.json,Austin,"Austin, TX",city,United States,US,|,|,-97.928935|-97.5805133|-97.5805133|-97.928935|30.127892|30.127892|30.5187994|30.5187994,-97.75472415,30.3233457
974876440884924421,2018-03-17T05:13:50Z,2374429195,BissshWheeet_,My body ache so much i shower 6xs a day ü§¶üèΩ‚Äç‚ôÄÔ∏è,Twitter for iPhone,,,,FALSE,FALSE,0,0,,,,,,,,,,,,,,,,en,,,,,,,,,,,|,|,|||||||,,
974865877630775296,2018-03-17T04:31:52Z,40348534,pilotboy2008,@FetherJo @edengirl58 @JoeLazz68 @CathyHill53 @LorettaKusaj @southernvl1 @EverythingJT @cate_linney @TerryJennings33 @larrypareigis @RedDirt_Roots @WaymoreJennings @chasing_urdream @TomOReilly0607 @straitshooter13 @FaithandHarry @CountryOutlawM I've had a cold and Body ache all week...just needed some good sleep for a change,Twitter for Android,974865676472111105,900714271,FetherJo,FALSE,FALSE,6,0,,,,,,,,,,,,,,900714271|784563458|795424768698830848|481427336|511241630|933304926|823836669426143237|3437724378|3237549901|15785068|744635229269172224|2301866352|2950651805|2649045138|3376562795|780052963108786176|3100117052,FetherJo|edengirl58|JoeLazz68|CathyHill53|LorettaKusaj|southernvl1|EverythingJT|cate_linney|TerryJennings33|larrypareigis|RedDirt_Roots|WaymoreJennings|chasing_urdream|TomOReilly0607|straitshooter13|FaithandHarry|CountryOutlawM,en,,,,,,,,,,,|,|,|||||||,,
974858602740674561,2018-03-17T04:02:57Z,2436423404,yuurinikifor0v,"@FallBackIntoMe Yea, my back is feeling a lot better and my neck/shoulder is now a constant dull ache versus a pain that nearly made me leave work. I'm to go back Monday after icing all weekend to have another go at my upper body with less inflammation.",Twitter for Android,974857921275355141,49054451,FallBackIntoMe,FALSE,FALSE,0,0,,,,,,,,,,,,,,49054451,FallBackIntoMe,en,,,,,,,,,,,|,|,|||||||,,
974857586498555904,2018-03-17T03:58:55Z,4460157854,CalidaKennedy,@justgames2020 I‚Äôve had this problem before. My body will physically start to ache if I don‚Äôt work out often enough. I always sleep better when I have a regular workout schedule!,Twitter for iPhone,974504577952354304,857551407620206592,justgames2020,FALSE,FALSE,2,0,,,,,,,,,,,,,,857551407620206592,justgames2020,en,,,,,,,,,,,|,|,|||||||,,
974845797094260736,2018-03-17T03:12:04Z,4071256343,JennyCiarletto,"me: oof i have an important concert tomorrow i need to learn the music for 
my body: :))) *cue stomach ache and nausea all night*",Twitter for iPhone,,,,FALSE,FALSE,0,0,,,,,,,,,,,,,,,,en,,,,,,,,,,,|,|,|||||||,,
974834484364414976,2018-03-17T02:27:07Z,174660021,xo_tai,"@mintywoozii Thank you!

I really hope you're okay! Is it like a body ache? Or like a legit 'pain' somewhere specific? I really hope they figure it out soon!",Twitter for Android,974834079488122880,794295649244250112,mintywoozii,FALSE,FALSE,0,0,,,,,,,,,,,,,,794295649244250112,mintywoozii,en,,,,,,,,,,,|,|,|||||||,,
974820484687843333,2018-03-17T01:31:29Z,876090390289543168,CarmellaSugarr,"My feet ache, I‚Äôve never been to a professional massage parlor but I‚Äôd love to get a full body, much needed #findom #femdom #paypig #footworship #footfetish #footmassage",Twitter for iPhone,,,,FALSE,FALSE,2,1,findom|femdom|paypig|footworship|footfetish|footmassage,,,,,,,,,,,,,,,en,,,,,,,,,,,|,|,|||||||,,
974813979074793472,2018-03-17T01:05:38Z,927120485304774661,LvSexyWomen,"@missravenhart Can you tell I'm crazy about you? üòèüòäüòÅüíãüíãüíãüòçüòçüòç‚ù§‚ù§‚ù§üå∏üå∑üå∏üå∑üå∏üå∑üå∏üå∑üå∏üå∑üå∏üå∑üå∏üå∑ I love you so much baby! My loins ache for that hot, sexy gorgeous body and that amazing beautiful ass of yours I want to spank over my knee! üçëüñêüñêüñêüòàüòà *gives a tiger growl at her*üòâüòÅ",Twitter for Android,974645445388619776,927120485304774661,LvSexyWomen,FALSE,FALSE,1,0,,,,,,,,,,,,,,952434871,missravenhart,en,,,,,,,,,,,|,|,|||||||,,
974787346880086016,2018-03-16T23:19:48Z,852907234933837824,Ufiit3,"Are you sure you are not killing your body? 
Do you ache and have pain wgen you exercise but you tell your self ""no pain no gain""?
It's absolute rubbish. Start learning to respect your body.
#fitness #bodyfitness #Getufiit https://t.co/xgdFkfqpe1",Twitter for Android,,,,FALSE,FALSE,0,0,fitness|bodyfitness|Getufiit,,,,,http://pbs.twimg.com/ext_tw_video_thumb/974787110157692928/pu/img/WIdrtjDqlAuuGyC9.jpg,https://t.co/xgdFkfqpe1,https://twitter.com/Ufiit3/status/974787346880086016/video/1,photo,http://pbs.twimg.com/ext_tw_video_thumb/974787110157692928/pu/img/WIdrtjDqlAuuGyC9.jpg,https://t.co/xgdFkfqpe1,https://twitter.com/Ufiit3/status/974787346880086016/video/1,,,,en,,,,,,,,,,,|,|,|||||||,,
974775783402196992,2018-03-16T22:33:51Z,14850201,Prios,@pmilbs_ @Origamigryphon It's even more fun and exciting when the ache is in multiple parts of your body,Twitter for Android,974269138322493442,393087633,pmilbs_,FALSE,FALSE,1,0,,,,,,,,,,,,,,393087633|14576124,pmilbs_|Origamigryphon,en,,,,,,,,,,,|,|,|||||||,,
974771080870031361,2018-03-16T22:15:10Z,41269340,RustyGoat,'Drug of Choice' https://t.co/vb2WHPFlBU The following morning I woke up feeling like a twenty-year-old. There was not a single ache in my entire body.,Hootsuite,,,,FALSE,FALSE,0,0,,,ow.ly/cQQA30iZemG,https://t.co/vb2WHPFlBU,http://ow.ly/cQQA30iZemG,,,,,,,,,,,en,,,,,,,,,,,|,|,|||||||,,
974731814563663875,2018-03-16T19:39:08Z,476490076,Hot_Wing_King,I feel like death with a side of full-body-ache today....what? You said you wanna come cook me a whole 3 course meal? Sure thing https://t.co/6Gz3uQkvJX,Twitter for iPhone,,,,FALSE,FALSE,1,0,,,,,,http://pbs.twimg.com/tweet_video_thumb/DYbxalyUQAAWB58.jpg,https://t.co/6Gz3uQkvJX,https://twitter.com/Hot_Wing_King/status/974731814563663875/photo/1,photo,http://pbs.twimg.com/tweet_video_thumb/DYbxalyUQAAWB58.jpg,https://t.co/6Gz3uQkvJX,https://twitter.com/Hot_Wing_King/status/974731814563663875/photo/1,,,,en,,,,,,,,,,,|,|,|||||||,,
974725469248487424,2018-03-16T19:13:56Z,601488385,KimbyAutumn,I might be trashed for this opinion but I love Body Ache by @britneyspears #IWannaDanceTillMyBodyAche,Twitter for iPhone,,,,FALSE,FALSE,0,0,IWannaDanceTillMyBodyAche,,,,,,,,,,,,,16409683,britneyspears,en,,,,,,,,,,,|,|,|||||||,,
974685535334617094,2018-03-16T16:35:15Z,799313430683394048,juliecardinalli,"Been watching so many Marvel movies that I think every head ache or itch is my body finally realizing it‚Äôs super powers... Idk, but, I‚Äôll probably turn big and green soon, maybe get a hammer or become a talking raccoon.",Twitter for iPhone,,,,FALSE,FALSE,27,4,,,,,,,,,,,,,,,,en,,,,,,,,,,,|,|,|||||||,,
974680960179605504,2018-03-16T16:17:04Z,116904971,_Gineaux_,"@WrappedWithABow Aw fasho fasho, my body doesn‚Äôt ache as much, I never get headaches, I don‚Äôt feel sleepy/tired after I eat, the overall function of my digestive system has improved, I could keep going lol",Twitter for iPhone,974680069292679168,1617888306,WrappedWithABow,FALSE,FALSE,0,0,,,,,,,,,,,,,,1617888306,WrappedWithABow,en,,,,,,,,,,,|,|,|||||||,,
974676457095155713,2018-03-16T15:59:10Z,221007902,SimplyJDivine,"Had the worst body ache ever , lmao , Coach messer got my whole body hating me so bad i almost fell down stairs because my leg gave out üòÇ https://t.co/sy93GeSWrx",Twitter for iPhone,,,,TRUE,FALSE,2,0,,,twitter.com/lildess_duh/st‚Ä¶,https://t.co/sy93GeSWrx,https://twitter.com/lildess_duh/status/974676185555918849,,,,,,,,,,,en,974676185555918849,@SimplyJDivine Had the worst headache ever,,,,,,,,,|,|,|||||||,,
974655660527820800,2018-03-16T14:36:32Z,132019791,LMONEEY,"@KailLowry You need stronger antibiotics, im prone to strep and have been hospitalized from it many times, if there's no improvement on day 3 you need to be re-assessed before it gets any worse. Strep is terrible it will make your whole body ache. Hope you feel better soon!",Twitter for iPhone,974621696194990081,216348190,KailLowry,FALSE,FALSE,0,0,,,,,,,,,,,,,,216348190,KailLowry,en,,,,,,,,,,,|,|,|||||||,,
974556821686906880,2018-03-16T08:03:47Z,270218981,GuernseyDonk,Why Does Your Whole Body Ache When You Get a Cold or Flu?: Most of us will be familiar with‚Ä¶ https://t.co/4hCFfrtsE4,Google,,,,FALSE,FALSE,0,0,,,goo.gl/fb/n7ubv2,https://t.co/4hCFfrtsE4,https://goo.gl/fb/n7ubv2,,,,,,,,,,,en,,,,,,,,,,,|,|,|||||||,,
974556264863735809,2018-03-16T08:01:34Z,48072728,RobertTostevin,"#newarticle 
""Why Does Your Whole Body Ache When You Get a Cold or Flu?"" https://t.co/yMso0QZvet https://t.co/GNkHw7Bzmp",WordPress.com,,,,FALSE,FALSE,0,0,newarticle,,guernseydonkey.com/?p=21498,https://t.co/yMso0QZvet,http://guernseydonkey.com/?p=21498,http://pbs.twimg.com/media/DYZRwdPU8AATaoY.jpg,https://t.co/GNkHw7Bzmp,https://twitter.com/RobertTostevin/status/974556264863735809/photo/1,photo,http://pbs.twimg.com/media/DYZRwdPU8AATaoY.jpg,https://t.co/GNkHw7Bzmp,https://twitter.com/RobertTostevin/status/974556264863735809/photo/1,,,,en,,,,,,,,,,,|,|,|||||||,,
974542514987270144,2018-03-16T07:06:56Z,461104277,Lotteburch,"Body combat and Zumba was a killer, I ache so much today üò´",Twitter for iPhone,,,,FALSE,FALSE,0,0,,,,,,,,,,,,,,,,en,,,,,,,,,,,|,|,|||||||,,
974513090652860416,2018-03-16T05:10:01Z,4469225952,Jillyywillyy_,these cramps are making my whole body ache üò© someone send help,Twitter for iPhone,,,,FALSE,FALSE,0,0,,,,,,,,,,,,,,,,en,,,,,,,,,,,|,|,|||||||,,
974511722366083072,2018-03-16T05:04:34Z,58024165,eagles1229,@KaRaRacn75 this cold weather needs to go away . makes my body ache,Twitter Web Client,974510830531133440,77801470,KaRaRacn75,FALSE,FALSE,1,0,,,,,,,,,,,,,,77801470,KaRaRacn75,en,,,,,,,,,,,|,|,|||||||,,
974504037180583938,2018-03-16T04:34:02Z,211429566,SFoutersunset,"When I‚Äôm in pain I don‚Äôt show you. I go to a place I can moan &amp; ache in private.

When you see me it‚Äôs when my body feels decent.",Twitter for iPhone,974503358961565696,211429566,SFoutersunset,FALSE,FALSE,1,1,,,,,,,,,,,,,,,,en,,,,,,,,,,,|,|,|||||||,,
974502407328550912,2018-03-16T04:27:33Z,958958811091386368,diocelinaladiva,The thought of never hearing your voice again makes my body ache...,Twitter for iPhone,,,,FALSE,FALSE,0,0,,,,,,,,,,,,,,,,en,,,,,,,,,,,|,|,|||||||,,
974491321510563841,2018-03-16T03:43:30Z,381864742,naocrates,I‚Äôm sick and I have cramps. Curse this physical body I just want to not feel like I‚Äôm being chopped in half while suffering a head ache because of this congestion. Someone pull the trigger on me now,Twitter for iPhone,,,,FALSE,FALSE,2,0,,,,,,,,,,,,,,,,en,,,,,,,,,,,|,|,|||||||,,
974483177296351232,2018-03-16T03:11:09Z,960883559429963776,be_hid,Your entire body can start to ache from heartbreak.,Twitter for iPhone,,,,FALSE,FALSE,0,0,,,,,,,,,,,,,,,,en,,,,,,,,,,,|,|,|||||||,,
974477178682429440,2018-03-16T02:47:18Z,724388374144897024,sammisosa91,@juvee_3 I have a head ache and my body is aching. I don‚Äôt want to goüò≠ I‚Äôll let you know when I go,Twitter for iPhone,974476751098318856,2980237231,juvee_3,FALSE,FALSE,0,0,,,,,,,,,,,,,,2980237231,juvee_3,en,,,,,https://api.twitter.com/1.1/geo/id/18810aa5b43e76c7.json,Dallas,"Dallas, TX",city,United States,US,|,|,-96.977527|-96.54598|-96.54598|-96.977527|32.620678|32.620678|33.019039|33.019039,-96.7617535,32.8198585
974476177372041216,2018-03-16T02:43:20Z,3008991484,imaexogone,My whole body ache I‚Äôm exhausted,Twitter for iPhone,,,,FALSE,FALSE,0,0,,,,,,,,,,,,,,,,en,,,,,,,,,,,|,|,|||||||,,
974468539942948869,2018-03-16T02:12:59Z,768699378,stephtheflex,"i‚Äôm a 19 year old girl, why does my body ache like i‚Äôm 90 years old",Twitter for iPhone,,,,FALSE,FALSE,6,2,,,,,,,,,,,,,,,,en,,,,,,,,,,,|,|,|||||||,,
974443184007892992,2018-03-16T00:32:14Z,1490260992,Kyuurisergal,@ThorstenAnzomi @KazuTheSrgl It's also fun when your body decides to give you a stomach ache when you haven't eaten like it's going to make me want to eat,TweetDeck,974442495097692160,3190390596,ThorstenAnzomi,FALSE,FALSE,1,0,,,,,,,,,,,,,,3190390596|1702095084,ThorstenAnzomi|KazuTheSrgl,en,,,,,,,,,,,|,|,|||||||,,
974430723913519104,2018-03-15T23:42:43Z,391704084,TruNailz,So fever is on full blast lol eyes burning and my body is starting to ache again..when is this gonna end,Facebook,,,,FALSE,FALSE,0,0,,,,,,,,,,,,,,,,en,,,,,,,,,,,|,|,|||||||,,
974426479625879552,2018-03-15T23:25:51Z,1182928645,fitsikh,"Yo, i was having a pretty crappy day, headache and a body ache, but after listening to this, it brought peace to my soul, fuckin beautiful https://t.co/8EaNbyS32t",Twitter for iPhone,,,,TRUE,FALSE,0,0,,,twitter.com/manjotks/statu‚Ä¶,https://t.co/8EaNbyS32t,https://twitter.com/manjotks/status/974095841421135872,,,,,,,,,,,en,974095841421135872,"Pyaas | Film: Sajjan Singh Rangroot @diljitdosanjh #Rangroot üé§üíï https://t.co/7NTE2IkXBo",,,,,,,,,|,|,|||||||,,
974423656435798016,2018-03-15T23:14:38Z,495191285,brendarunnion16,"Body aches, sharp stomach pain, head ache.... I'm just trying to figure out what hell I woke up in",Twitter for iPhone,,,,FALSE,FALSE,0,0,,,,,,,,,,,,,,,,en,,,,,,,,,,,|,|,|||||||,,
974416846756618240,2018-03-15T22:47:34Z,17855647,jamiebrinkert,I'm officially at the age where I have accepted that my body will always ache in one way or another.,Twitter Web Client,,,,FALSE,FALSE,0,0,,,,,,,,,,,,,,,,en,,,,,,,,,,,|,|,|||||||,,
974400233684852736,2018-03-15T21:41:33Z,542216044,Bethany_Hyatt,"You ever see or hear something that just completely makes your entire body ache? 
Yeah, that‚Äôs a feeling i‚Äôd never wish on anyone. üòû",Twitter for iPhone,,,,FALSE,FALSE,0,0,,,,,,,,,,,,,,,,en,,,,,,,,,,,|,|,|||||||,,
974379201586483200,2018-03-15T20:17:59Z,802080976398680064,DirectorOfMS,"@salemdevilry A hand rested upon Credence‚Äôs, holding it gently and smiling as he fell asleep soundly with the younger man. 

Eventually, he stirred and stretched out, groaning softly at the pleasurable ache that ran through his body. Unsure if Credence was awake, ‚Äî",Twitter for iPhone,974375602525523969,881938993436389377,salemdevilry,FALSE,FALSE,0,0,,,,,,,,,,,,,,881938993436389377,salemdevilry,en,,,,,,,,,,,|,|,|||||||,,
974357183641997312,2018-03-15T18:50:29Z,82155749,schizophobe,@ShowtimeApollo @IAmSteveHarvey @FOXTV That guy makes my whole body ache just watching him....*insert heebie jeebies here*,Twitter Web Client,974329381677125632,816833527782064128,ShowtimeApollo,FALSE,FALSE,0,0,,,,,,,,,,,,,,816833527782064128|96846955|16537989,ShowtimeApollo|IAmSteveHarvey|FOXTV,en,,,,,,,,,,,|,|,|||||||,,
974334287339073537,2018-03-15T17:19:31Z,591354119,SheritaMayes,If U R happy person w/a smile 4 every 1 expect 2 find friends good experiences where U go Your thoughts bring those events N 2 your life if U have a negative attitude/complaints about each ache N your body dont B surprised if people avoid U &amp; disease/disaster seem 2 lurk around https://t.co/nVbxVoCore,Twitter for iPhone,,,,FALSE,FALSE,0,0,,,,,,http://pbs.twimg.com/media/DYWH3SaU0AAMIvb.jpg,https://t.co/nVbxVoCore,https://twitter.com/SheritaMayes/status/974334287339073537/photo/1,photo,http://pbs.twimg.com/media/DYWH3SaU0AAMIvb.jpg,https://t.co/nVbxVoCore,https://twitter.com/SheritaMayes/status/974334287339073537/photo/1,,,,en,,,,,,,,,,,|,|,|||||||,,
974333373048012800,2018-03-15T17:15:53Z,789184625641828353,dragon999801,@JayKubzScouts  Hey Jay on wandered simulator is it possible to kill a ache while they are guarding a body if so can you kill them as ands,Twitter Web Client,,2350893486,JayKubzScouts,FALSE,FALSE,0,0,,,,,,,,,,,,,,2350893486,JayKubzScouts,en,,,,,,,,,,,|,|,|||||||,,
974296671843704832,2018-03-15T14:50:02Z,859014656,NewOnAudible,Stoicescu Adrian Petru reads Body Ache: 10 Tips How You Will Get Rid of It b...https://t.co/rfcB3sBb4A,NewOnAudible,,,,FALSE,FALSE,0,0,,,audible.com/pd/?asin=B07BG‚Ä¶,https://t.co/rfcB3sBb4A,http://audible.com/pd/?asin=B07BGBN65G&source_code=soc_twi_nr,,,,,,,,,,,en,,,,,,,,,,,|,|,|||||||,,
974283129228791808,2018-03-15T13:56:13Z,559686701,living_baked,"If your body doesn't ache, you don't have an oncoming migraine, and you don't feel sick but can't throw up, did you really go to an @Excision show????",Twitter for Android,,,,FALSE,FALSE,1,0,,,,,,,,,,,,,,37093178,Excision,en,,,,,https://api.twitter.com/1.1/geo/id/a83ea2f9f7f428fc.json,Raymore,"Raymore, MO",city,United States,US,|,|,-94.498637|-94.42255|-94.42255|-94.498637|38.768081|38.768081|38.8417181|38.8417181,-94.4605935,38.80489955
974282867952967681,2018-03-15T13:55:11Z,200638511,BOSSMAAAC,My body is starting to ache,Twitter for iPhone,,,,FALSE,FALSE,0,0,,,,,,,,,,,,,,,,en,,,,,,,,,,,|,|,|||||||,,
974280479003291648,2018-03-15T13:45:42Z,3313767860,ryforshort_,Went from body ache to throat hurting ... wtf üòìüò£,Twitter for iPhone,,,,FALSE,FALSE,0,0,,,,,,,,,,,,,,,,en,,,,,https://api.twitter.com/1.1/geo/id/1c69a67ad480e1b1.json,Houston,"Houston, TX",city,United States,US,|,|,-95.823268|-95.069705|-95.069705|-95.823268|29.522325|29.522325|30.1546646|30.1546646,-95.4464865,29.8384948
974270804958568450,2018-03-15T13:07:15Z,438435285,spxrkfires,"need a full body massage man, I ache everywhere n keep clicking",Twitter for Android,,,,FALSE,FALSE,1,0,,,,,,,,,,,,,,,,en,,,,,,,,,,,|,|,|||||||,,
974149381694918656,2018-03-15T05:04:46Z,2753084503,ameliaphommady,Sorry body for the heart break and this heart ache and impending head aches bc my mind is trying to escape,Twitter for iPhone,,,,FALSE,FALSE,0,0,,,,,,,,,,,,,,,,en,,,,,,,,,,,|,|,|||||||,,
974129992878776320,2018-03-15T03:47:43Z,14181120,BooBooKittyFawk,So this week I wore the same shirt 3 days in a row. I slept past my alarm and half assed everything I‚Äôve done this week so far. I‚Äôve washed my hair only once this week...and I‚Äôm not even sure that I did that because I zoned out. My body &amp; soul ache. #RealTalk #ThisIsDepression,Twitter for iPhone,,,,FALSE,FALSE,0,0,RealTalk|ThisIsDepression,,,,,,,,,,,,,,,en,,,,,https://api.twitter.com/1.1/geo/id/c55c9fed765e35a1.json,South Farmingdale,"South Farmingdale, NY",city,United States,US,|,|,-73.468517|-73.429787|-73.429787|-73.468517|40.704497|40.704497|40.730502|40.730502,-73.449152,40.7174995
974114767878189062,2018-03-15T02:47:13Z,496623313,kristenehudman,"Today was weird. Boyfriend‚Äôs birthday (love him), Stephen Hawking died, it‚Äôs pi day, and I‚Äôm sick with a body/chest ache, cold with a low-grade fever. ü§í",Twitter Lite,,,,FALSE,FALSE,0,0,,,,,,,,,,,,,,,,en,,,,,,,,,,,|,|,|||||||,,
974081128637149185,2018-03-15T00:33:33Z,876166588579299329,VanwingerdenAmy,@kenna_tjoelker This makes my body ache,Twitter Lite,637030301764554753,776865763,kenna_tjoelker,FALSE,FALSE,0,0,,,,,,,,,,,,,,776865763,kenna_tjoelker,en,,,,,,,,,,,|,|,|||||||,,
974080837837877250,2018-03-15T00:32:23Z,825582506367909888,Issa__Mohamud,Day 4 without sweets.... my body ache.,Twitter for Android,,,,FALSE,FALSE,1,0,,,,,,,,,,,,,,,,en,,,,,,,,,,,|,|,|||||||,,
974066218746474496,2018-03-14T23:34:18Z,960329972257820673,MarikaAnsley,"@bookslover Well, it's an information age; even uneducated people know where the most money is.  If reading to their kids makes them suffer less than mom and dad, they will do it.  Trades and working class jobs make your body ache.",Twitter Web Client,974033230524485634,16683497,bookslover,FALSE,FALSE,0,0,,,,,,,,,,,,,,16683497,bookslover,en,,,,,,,,,,,|,|,|||||||,,
974063263930449921,2018-03-14T23:22:33Z,15406971,jajajanea,@stephaniefilo It made my heart ache with fear then anger. It body checked me and reminded me that much of what‚Äôs on tv is made to appease white liberal guilt.,Twitter for iPhone,974062791588917251,18741076,stephaniefilo,FALSE,FALSE,2,0,,,,,,,,,,,,,,18741076,stephaniefilo,en,,,,,,,,,,,|,|,|||||||,,
974050974309453824,2018-03-14T22:33:43Z,1578797874,alexcisnichole_,wooooooooooooooow. my body just gonna ache like this???? really????smh,Twitter for iPhone,,,,FALSE,FALSE,0,0,,,,,,,,,,,,,,,,en,,,,,https://api.twitter.com/1.1/geo/id/011add077f4d2da3.json,Brooklyn,"Brooklyn, NY",city,United States,US,|,|,-74.041878|-73.855673|-73.855673|-74.041878|40.570842|40.570842|40.739434|40.739434,-73.9487755,40.655138
974041614694912000,2018-03-14T21:56:32Z,18110932,Jillbles,"@StormyDaniels @goldengateblond Just reading that made my whole body ache, but you do it so I don't have to. :-)",Twitter Lite,974013187417935873,19910041,StormyDaniels,FALSE,FALSE,0,0,,,,,,,,,,,,,,19910041|15576928,StormyDaniels|goldengateblond,en,,,,,,,,,,,|,|,|||||||,,
973967775784931328,2018-03-14T17:03:07Z,888523380948963330,lifemotionsx,Neck massager Back body Massage roller Go pain Beauty body thin leg Fitness roll Stick Meridian Health Care Massage¬†Instrument https://t.co/yiYwapnG3T,WordPress.com,,,,FALSE,FALSE,0,0,,,shoppingdealer.com/product/neck-m‚Ä¶,https://t.co/yiYwapnG3T,http://shoppingdealer.com/product/neck-massager-again-physique-therapeutic-massage-curler-go-ache-magnificence-physique-skinny-leg-health-roll-stick-meridian-well-being-care-therapeutic-massage-instrument-5/,,,,,,,,,,,en,,,,,,,,,,,|,|,|||||||,,
973967678485549057,2018-03-14T17:02:44Z,888523380948963330,lifemotionsx,Neck massager Back body Massage roller Go pain Beauty body thin leg Fitness roll Stick Meridian Health Care Massage¬†Instrument https://t.co/Rek7V64cm6 https://t.co/gcLI7egzpy,WordPress.com,,,,FALSE,FALSE,0,0,,,shoppingdealer.com/product/neck-m‚Ä¶,https://t.co/Rek7V64cm6,http://shoppingdealer.com/product/neck-massager-again-physique-therapeutic-massage-curler-go-ache-magnificence-physique-skinny-leg-health-roll-stick-meridian-well-being-care-therapeutic-massage-instrument-2/,http://pbs.twimg.com/media/DYQ6cOSVAAArhe-.jpg,https://t.co/gcLI7egzpy,https://twitter.com/lifemotionsx/status/973967678485549057/photo/1,photo,http://pbs.twimg.com/media/DYQ6cOSVAAArhe-.jpg,https://t.co/gcLI7egzpy,https://twitter.com/lifemotionsx/status/973967678485549057/photo/1,,,,en,,,,,,,,,,,|,|,|||||||,,
973967660068335617,2018-03-14T17:02:40Z,3342026113,medicalbook1,Neck massager Back body Massage roller Go pain Beauty body thin leg Fitness roll Stick Meridian Health Care Massage¬†Instrument https://t.co/5VxtXc3sf3,WordPress.com,,,,FALSE,FALSE,0,0,,,shoppingdealer.com/product/neck-m‚Ä¶,https://t.co/5VxtXc3sf3,http://shoppingdealer.com/product/neck-massager-again-physique-therapeutic-massage-curler-go-ache-magnificence-physique-skinny-leg-health-roll-stick-meridian-well-being-care-therapeutic-massage-instrument-5/,,,,,,,,,,,en,,,,,,,,,,,|,|,|||||||,,
973967573221040128,2018-03-14T17:02:19Z,888523380948963330,lifemotionsx,Neck massager Back body Massage roller Go pain Beauty body thin leg Fitness roll Stick Meridian Health Care Massage¬†Instrument https://t.co/apWI2d2ltF https://t.co/bTp8DwKcGP,WordPress.com,,,,FALSE,FALSE,0,0,,,shoppingdealer.com/product/neck-m‚Ä¶,https://t.co/apWI2d2ltF,http://shoppingdealer.com/product/neck-massager-again-physique-therapeutic-massage-curler-go-ache-magnificence-physique-skinny-leg-health-roll-stick-meridian-well-being-care-therapeutic-massage-instrument-3/,http://pbs.twimg.com/media/DYQ6WI3VoAAt0jr.jpg,https://t.co/bTp8DwKcGP,https://twitter.com/lifemotionsx/status/973967573221040128/photo/1,photo,http://pbs.twimg.com/media/DYQ6WI3VoAAt0jr.jpg,https://t.co/bTp8DwKcGP,https://twitter.com/lifemotionsx/status/973967573221040128/photo/1,,,,en,,,,,,,,,,,|,|,|||||||,,
973967563351842816,2018-03-14T17:02:17Z,3342026113,medicalbook1,Neck massager Back body Massage roller Go pain Beauty body thin leg Fitness roll Stick Meridian Health Care Massage¬†Instrument https://t.co/4bQrAniomD https://t.co/i8G1LF0sbA,WordPress.com,,,,FALSE,FALSE,0,0,,,shoppingdealer.com/product/neck-m‚Ä¶,https://t.co/4bQrAniomD,http://shoppingdealer.com/product/neck-massager-again-physique-therapeutic-massage-curler-go-ache-magnificence-physique-skinny-leg-health-roll-stick-meridian-well-being-care-therapeutic-massage-instrument-2/,http://pbs.twimg.com/media/DYQ6Vi7VAAAbFLm.jpg,https://t.co/i8G1LF0sbA,https://twitter.com/medicalbook1/status/973967563351842816/photo/1,photo,http://pbs.twimg.com/media/DYQ6Vi7VAAAbFLm.jpg,https://t.co/i8G1LF0sbA,https://twitter.com/medicalbook1/status/973967563351842816/photo/1,,,,en,,,,,,,,,,,|,|,|||||||,,
973967562705965056,2018-03-14T17:02:17Z,3342026113,medicalbook1,Neck massager Back body Massage roller Go pain Beauty body thin leg Fitness roll Stick Meridian Health Care Massage¬†Instrument https://t.co/cZAQBxvj8V https://t.co/FYlvMf1fzi,WordPress.com,,,,FALSE,FALSE,0,0,,,shoppingdealer.com/product/neck-m‚Ä¶,https://t.co/cZAQBxvj8V,http://shoppingdealer.com/product/neck-massager-again-physique-therapeutic-massage-curler-go-ache-magnificence-physique-skinny-leg-health-roll-stick-meridian-well-being-care-therapeutic-massage-instrument-3/,http://pbs.twimg.com/media/DYQ6VgyU0AAKwMJ.jpg,https://t.co/FYlvMf1fzi,https://twitter.com/medicalbook1/status/973967562705965056/photo/1,photo,http://pbs.twimg.com/media/DYQ6VgyU0AAKwMJ.jpg,https://t.co/FYlvMf1fzi,https://twitter.com/medicalbook1/status/973967562705965056/photo/1,,,,en,,,,,,,,,,,|,|,|||||||,,
973967548269170691,2018-03-14T17:02:13Z,748741414016528384,Shoppingdealer1,Neck massager Back body Massage roller Go pain Beauty body thin leg Fitness roll Stick Meridian Health Care Massage¬†Instrument https://t.co/O8mR4RUWXV https://t.co/EH0Y2cShdy,WordPress.com,,,,FALSE,FALSE,0,0,,,shoppingdealer.com/product/neck-m‚Ä¶,https://t.co/O8mR4RUWXV,http://shoppingdealer.com/product/neck-massager-again-physique-therapeutic-massage-curler-go-ache-magnificence-physique-skinny-leg-health-roll-stick-meridian-well-being-care-therapeutic-massage-instrument-2/,http://pbs.twimg.com/media/DYQ6UqeVQAE9U23.jpg,https://t.co/EH0Y2cShdy,https://twitter.com/Shoppingdealer1/status/973967548269170691/photo/1,photo,http://pbs.twimg.com/media/DYQ6UqeVQAE9U23.jpg,https://t.co/EH0Y2cShdy,https://twitter.com/Shoppingdealer1/status/973967548269170691/photo/1,,,,en,,,,,,,,,,,|,|,|||||||,,
973967547451273219,2018-03-14T17:02:13Z,748741414016528384,Shoppingdealer1,Neck massager Back body Massage roller Go pain Beauty body thin leg Fitness roll Stick Meridian Health Care Massage¬†Instrument https://t.co/zPXY0xV9TS https://t.co/W3TYcpR1zD,WordPress.com,,,,FALSE,FALSE,0,0,,,shoppingdealer.com/product/neck-m‚Ä¶,https://t.co/zPXY0xV9TS,http://shoppingdealer.com/product/neck-massager-again-physique-therapeutic-massage-curler-go-ache-magnificence-physique-skinny-leg-health-roll-stick-meridian-well-being-care-therapeutic-massage-instrument-3/,http://pbs.twimg.com/media/DYQ6Un_U8AEaXv6.jpg,https://t.co/W3TYcpR1zD,https://twitter.com/Shoppingdealer1/status/973967547451273219/photo/1,photo,http://pbs.twimg.com/media/DYQ6Un_U8AEaXv6.jpg,https://t.co/W3TYcpR1zD,https://twitter.com/Shoppingdealer1/status/973967547451273219/photo/1,,,,en,,,,,,,,,,,|,|,|||||||,,
973967540169912321,2018-03-14T17:02:11Z,748741414016528384,Shoppingdealer1,Neck massager Back body Massage roller Go pain Beauty body thin leg Fitness roll Stick Meridian Health Care Massage¬†Instrument https://t.co/K99B3GWFdb,WordPress.com,,,,FALSE,FALSE,0,0,,,shoppingdealer.com/product/neck-m‚Ä¶,https://t.co/K99B3GWFdb,http://shoppingdealer.com/product/neck-massager-again-physique-therapeutic-massage-curler-go-ache-magnificence-physique-skinny-leg-health-roll-stick-meridian-well-being-care-therapeutic-massage-instrument-5/,,,,,,,,,,,en,,,,,,,,,,,|,|,|||||||,,
973966138492227584,2018-03-14T16:56:37Z,971078135985864706,RickMendezBMF,"Do you wash your car? Clean your house? 
What about taking care of the temple you are given In life, your body? This quote is so true. That ache and pain or tiredness or stiffness is not supposed to be there!! And you will thank your self when you decide to maximize the health https://t.co/iVIXlgYlyJ",Twitter for iPad,,,,FALSE,FALSE,0,0,,,,,,http://pbs.twimg.com/media/DYQ5CWNX0AAS0kN.jpg,https://t.co/iVIXlgYlyJ,https://twitter.com/RickMendezBMF/status/973966138492227584/photo/1,photo,http://pbs.twimg.com/media/DYQ5CWNX0AAS0kN.jpg,https://t.co/iVIXlgYlyJ,https://twitter.com/RickMendezBMF/status/973966138492227584/photo/1,,,,en,,,,,,,,,,,|,|,|||||||,,
973965824003198976,2018-03-14T16:55:22Z,2689395739,littlemisszana,Good time with baby üíï but sadly down with fever and body ache...,Twitter for iPhone,,,,FALSE,FALSE,0,0,,,,,,,,,,,,,,,,en,,,,,,,,,,,|,|,|||||||,,
973953939329703936,2018-03-14T16:08:08Z,2302613279,CarlaReid70,"I guess I finally got this cold that is going around. Sore throat, coughing, body ache, etc.  But, I can't... https://t.co/ZZBOnn9btB",Facebook,,,,FALSE,FALSE,0,0,,,fb.me/16oYSN2qj,https://t.co/ZZBOnn9btB,https://fb.me/16oYSN2qj,,,,,,,,,,,en,,,,,,,,,,,|,|,|||||||,,
973941696454111232,2018-03-14T15:19:30Z,4136691447,SurvivingAsMom,Every inch of my body hurts. A constant ache with surges of throbbing pain and electricity shooting in all directions. Everywhere. #chronicillness #chronicpain #chronicfatigue #autoimmunedisease #pain #nocure #spoonie #warrior,Twitter for iPhone,,,,FALSE,FALSE,1,0,chronicillness|chronicpain|chronicfatigue|autoimmunedisease|pain|nocure|spoonie|warrior,,,,,,,,,,,,,,,en,,,,,,,,,,,|,|,|||||||,,
973920969403314176,2018-03-14T13:57:08Z,956031011342766080,diana_ahg,Why does my body ache as if I were a 90 year old woman? üò´üò≠,Twitter for iPhone,,,,FALSE,FALSE,0,0,,,,,,,,,,,,,,,,en,,,,,,,,,,,|,|,|||||||,,
973914859195772930,2018-03-14T13:32:51Z,725505011061379073,StormcloudIV,@YaBoyCosy body ache head ache runny nose and im sweating like its 200 degrees,Twitter for iPhone,973914715159220224,4847331485,YaBoyCosy,FALSE,FALSE,1,0,,,,,,,,,,,,,,4847331485,YaBoyCosy,en,,,,,,,,,,,|,|,|||||||,,
973911080052318209,2018-03-14T13:17:50Z,2927507258,oblvsbrad,Bruh my whole body ache omfg,Twitter for Android,,,,FALSE,FALSE,6,1,,,,,,,,,,,,,,,,en,,,,,,,,,,,|,|,|||||||,,
973882351909593088,2018-03-14T11:23:41Z,707649493,Lexi_Albano2,I just had a dream that I got stabbed in the stomach and I woke up with a really bad stomach ache and my body doesn‚Äôt feel right,Twitter for iPhone,,,,FALSE,FALSE,4,0,,,,,,,,,,,,,,,,en,,,,,https://api.twitter.com/1.1/geo/id/7eba31f60a59aa24.json,Tonawanda,"Tonawanda, NY",city,United States,US,|,|,-78.941453|-78.822147|-78.822147|-78.941453|42.955994|42.955994|43.0313345|43.0313345,-78.8818,42.99366425
973874786970624001,2018-03-14T10:53:37Z,869705668344909828,koukinunez,@kickedthestairs The fun part of getting old üò´ when I don‚Äôt get enough sleep my whole body aches the next day. All my joints and bones ache...,Twitter for iPhone,973819983804489728,17815763,kickedthestairs,FALSE,FALSE,0,0,,,,,,,,,,,,,,17815763,kickedthestairs,en,,,,,,,,,,,|,|,|||||||,,
973805959721218049,2018-03-14T06:20:07Z,15917758,wzzm13,Does your body ache from hitting potholes? 5 reasons Michigan has lousy roads https://t.co/HtsJ41VhaT https://t.co/aD9GB9F3uN,trueAnthem,,,,FALSE,FALSE,0,0,,,on.wzzm.com/2GqY7Y5,https://t.co/HtsJ41VhaT,http://on.wzzm.com/2GqY7Y5,http://pbs.twimg.com/media/DYOnW-SXkAEJlYF.jpg,https://t.co/aD9GB9F3uN,https://twitter.com/wzzm13/status/973805959721218049/photo/1,photo,http://pbs.twimg.com/media/DYOnW-SXkAEJlYF.jpg,https://t.co/aD9GB9F3uN,https://twitter.com/wzzm13/status/973805959721218049/photo/1,,,,en,,,,,,,,,,,|,|,|||||||,,
973777730650169344,2018-03-14T04:27:57Z,806568226305884160,mariahbaum_,I got up turns out it is just my right knee that hurts extremely bad and is swollen but it is making my whole lower body ache when I lay in bed,Twitter for iPhone,973775562660462592,806568226305884160,mariahbaum_,FALSE,FALSE,2,0,,,,,,,,,,,,,,,,en,,,,,,,,,,,|,|,|||||||,,
973775215762268162,2018-03-14T04:17:57Z,1340855504,IngeFormenti,Does your body ache from hitting potholes? 5 reasons Michigan has lousy roads https://t.co/KxDhGyqlD4 via @freep,Twitter for Android,,,,FALSE,FALSE,1,0,,,on.freep.com/2pasp9i,https://t.co/KxDhGyqlD4,http://on.freep.com/2pasp9i,,,,,,,,,8795772,freep,en,,,,,,,,,,,|,|,|||||||,,
973774834349076480,2018-03-14T04:16:27Z,69742971,SweetKissKC_,Men can sleep on the flattest most lifeless pillows ever.. idk how they do it.. that crap makes my body ache. If you got stiff flat pillows.. i can‚Äôt sleep over..,Twitter for iPhone,,,,FALSE,FALSE,0,0,,,,,,,,,,,,,,,,en,,,,,,,,,,,|,|,|||||||,,
973772985151774721,2018-03-14T04:09:06Z,768630284,ItsAReillyThing,Ugh. I feel like shit. Headache stomach ache body ache,Twitter for iPhone,,,,FALSE,FALSE,0,0,,,,,,,,,,,,,,,,en,,,,,https://api.twitter.com/1.1/geo/id/0019267176557307.json,West Chester,"West Chester, OH",city,United States,US,|,|,-84.4832977|-84.346523|-84.346523|-84.4832977|39.2957423|39.2957423|39.374689|39.374689,-84.41491035,39.33521565
973755963663638528,2018-03-14T03:01:27Z,790039001587523584,mendozaaa15,Body ache + headache + heartache,Twitter for iPhone,,,,FALSE,FALSE,11,0,,,,,,,,,,,,,,,,en,,,,,,,,,,,|,|,|||||||,,
973742077866577920,2018-03-14T02:06:17Z,241798182,luhdae,My whole body ache üò©üò©üò©,Twitter for iPhone,,,,FALSE,FALSE,0,0,,,,,,,,,,,,,,,,en,,,,,,,,,,,|,|,|||||||,,
973733344054775808,2018-03-14T01:31:34Z,2586178579,SaranAhluwalia,"@brian_d_vaughn I am surprised you did not experience withdrawals (headache, body ache or lethargy)",Twitter Web Client,973691639188238336,99973385,brian_d_vaughn,FALSE,FALSE,0,0,,,,,,,,,,,,,,99973385,brian_d_vaughn,en,,,,,,,,,,,|,|,|||||||,,
973730449565601792,2018-03-14T01:20:04Z,58876831,notawiitch,This back and forth not only depresses me but it makes my body ache to the point of tears. I just want to sleep and cry all day. Hella punk rock.,Twitter for iPhone,,,,FALSE,FALSE,0,0,,,,,,,,,,,,,,,,en,,,,,,,,,,,|,|,|||||||,,
973715762992091136,2018-03-14T00:21:43Z,31005607,Ladycashmere,"Well I guess it was my turn, sick, body ache, can't taste food or water, this is bad. ‚Äî feeling think its the flu",Facebook,,,,FALSE,FALSE,0,0,,,,,,,,,,,,,,,,en,,,,,,,,,,,|,|,|||||||,,
973691482791141377,2018-03-13T22:45:14Z,194778676,Earlgentile64,"Please make this go away!  I‚Äôm still sick and in bed. My body can‚Äôt take much more. My head and bones ache so bad. Death almost sounds good. Not there yet, but so close.",Twitter for iPhone,,,,FALSE,FALSE,11,1,,,,,,,,,,,,,,,,en,,,,,,,,,,,|,|,|||||||,,
973680121721835520,2018-03-13T22:00:05Z,15917758,wzzm13,Does your body ache from hitting potholes? 5 reasons Michigan has lousy roads https://t.co/g73r5E0DFj https://t.co/Y3ozvcX3za,trueAnthem,,,,FALSE,FALSE,0,0,,,on.wzzm.com/2FG6m10,https://t.co/g73r5E0DFj,http://on.wzzm.com/2FG6m10,http://pbs.twimg.com/media/DYM06OsWAAAmWjK.jpg,https://t.co/Y3ozvcX3za,https://twitter.com/wzzm13/status/973680121721835520/photo/1,photo,http://pbs.twimg.com/media/DYM06OsWAAAmWjK.jpg,https://t.co/Y3ozvcX3za,https://twitter.com/wzzm13/status/973680121721835520/photo/1,,,,en,,,,,,,,,,,|,|,|||||||,,
973678146347298816,2018-03-13T21:52:14Z,1483240686,thatsfrancesca,"Feeling a lot better today. Body ache is gone, no longer have a sore throat, and i actual feel like a human again. (:",Twitter for Android,,,,FALSE,FALSE,5,0,,,,,,,,,,,,,,,,en,,,,,,,,,,,|,|,|||||||,,
973669665418354688,2018-03-13T21:18:32Z,65130084,naturalkiIler,i hate this kind of weather it makes my whole body ache üò©,Twitter for iPhone,,,,FALSE,FALSE,0,0,,,,,,,,,,,,,,,,en,,,,,,,,,,,|,|,|||||||,,
973642882803384320,2018-03-13T19:32:07Z,30293974,Eilatanc,"I‚Äôve done so much work on myself I cannot judge someone now, without physically feeling an ache inside my stomach. The human body is an insane machine. Prior to this I would judge and feel nothing",Twitter for iPhone,,,,FALSE,FALSE,0,0,,,,,,,,,,,,,,,,en,,,,,,,,,,,|,|,|||||||,,
973641483956887552,2018-03-13T19:26:33Z,26529088,LivingstonDaily,Does your body ache from hitting potholes? 5 reasons Michigan has lousy roads https://t.co/ehgCA905oi,dlvr.it,,,,FALSE,FALSE,0,0,,,on.freep.com/2tMhgBc,https://t.co/ehgCA905oi,http://on.freep.com/2tMhgBc,,,,,,,,,,,en,,,,,,,,,,,|,|,|||||||,,
973624983292440576,2018-03-13T18:20:59Z,101552412,askmerob,@LauraAB121 I miss my Papa Johns era. Their food was so cheap with constant 50% off days... But then my body fell apart and their food makes me ache. ü§ï,Twitter for iPhone,973304393117458433,113234030,LauraAB121,FALSE,FALSE,1,0,,,,,,,,,,,,,,113234030,LauraAB121,en,,,,,,,,,,,|,|,|||||||,,
973616200004415488,2018-03-13T17:46:05Z,14887893,LSJNews,Does your body ache from hitting potholes? 5 reasons Michigan has lousy roads https://t.co/aSGRi6S11u,dlvr.it,,,,FALSE,FALSE,0,2,,,on.lsj.com/2DoMLRn,https://t.co/aSGRi6S11u,http://on.lsj.com/2DoMLRn,,,,,,,,,,,en,,,,,,,,,,,|,|,|||||||,,
973611370120753152,2018-03-13T17:26:54Z,15661507,bcenquirer,Does your body ache from hitting potholes? 5 reasons Michigan has lousy roads https://t.co/yqP4M8Dgj8,dlvr.it,,,,FALSE,FALSE,0,1,,,on.freep.com/2tJ4ZgE,https://t.co/yqP4M8Dgj8,http://on.freep.com/2tJ4ZgE,,,,,,,,,,,en,,,,,,,,,,,|,|,|||||||,,
973611096014811137,2018-03-13T17:25:48Z,132597252,mz2g00d1,My whole body ache i could really use a full body massage  üò´,Facebook,,,,FALSE,FALSE,0,0,,,,,,,,,,,,,,,,en,,,,,,,,,,,|,|,|||||||,,
973609927942926336,2018-03-13T17:21:10Z,4253392884,illnanakai_,"My menstrual cycle always makes my body ache so bad , like everything is sore af üò©üò©",Twitter for iPhone,,,,FALSE,FALSE,0,0,,,,,,,,,,,,,,,,en,,,,,https://api.twitter.com/1.1/geo/id/5ef5b7f391e30aff.json,Berkeley,"Berkeley, CA",city,United States,US,|,|,-122.324818|-122.234225|-122.234225|-122.324818|37.8459532|37.8459532|37.905738|37.905738,-122.2795215,37.8758456
973584559072624640,2018-03-13T15:40:21Z,7410792,jonjones,"Not sure if this happens to other people that have severe allergies, but the day after an allergy attack I have this horrible full-body exhausted ache, like I worked out way too hard at the gym after months of not going. Sometimes it lasts a couple days. Welp, day one begins.",Twitter Web Client,,,,FALSE,FALSE,21,1,,,,,,,,,,,,,,,,en,,,,,,,,,,,|,|,|||||||,,
973558754871513091,2018-03-13T13:57:49Z,25622579,potatoboat,@tiffany__4prez Body Ache!,Twitter for iPhone,973556898871070720,15399933,tiffany__4prez,FALSE,FALSE,3,0,,,,,,,,,,,,,,15399933,tiffany__4prez,en,,,,,,,,,,,|,|,|||||||,,
973540933902925826,2018-03-13T12:47:00Z,17209506,cprim72,Does your body ache from hitting potholes? 5 reasons Michigan has lousy roads https://t.co/7L2kHvetNo via @freep,Twitter Web Client,,,,FALSE,FALSE,0,0,,,on.freep.com/2pasp9i,https://t.co/7L2kHvetNo,http://on.freep.com/2pasp9i,,,,,,,,,8795772,freep,en,,,,,,,,,,,|,|,|||||||,,
973537150712057857,2018-03-13T12:31:58Z,252934694,Detroit_Buzz,Does your body ache from hitting potholes? 5 reasons Michigan has lousy roads https://t.co/WrYisdmROR,Hootsuite,,,,FALSE,FALSE,0,0,,,ow.ly/iZ1850gPJaT,https://t.co/WrYisdmROR,http://ow.ly/iZ1850gPJaT,,,,,,,,,,,en,,,,,,,,,,,|,|,|||||||,,
973526541207523328,2018-03-13T11:49:49Z,900821036,urbanbizpartner,Does your body ache from hitting potholes? 5 reasons Michigan has lousy roads https://t.co/W3MTblFYyy via @freep,Twitter Web Client,,,,FALSE,FALSE,0,0,,,on.freep.com/2pasp9i,https://t.co/W3MTblFYyy,http://on.freep.com/2pasp9i,,,,,,,,,8795772,freep,en,,,,,,,,,,,|,|,|||||||,,
973525358908645376,2018-03-13T11:45:07Z,14887893,LSJNews,Does your body ache from hitting potholes? 5 reasons Michigan has lousy roads https://t.co/oCylqtAgQN,dlvr.it,,,,FALSE,FALSE,2,2,,,on.lsj.com/2Go3xTB,https://t.co/oCylqtAgQN,http://on.lsj.com/2Go3xTB,,,,,,,,,,,en,,,,,,,,,,,|,|,|||||||,,
973520314175901696,2018-03-13T11:25:04Z,26529088,LivingstonDaily,Does your body ache from hitting potholes? 5 reasons Michigan has lousy roads https://t.co/ehgCA905oi,dlvr.it,,,,FALSE,FALSE,0,0,,,on.freep.com/2tMhgBc,https://t.co/ehgCA905oi,http://on.freep.com/2tMhgBc,,,,,,,,,,,en,,,,,,,,,,,|,|,|||||||,,
973520312682790913,2018-03-13T11:25:04Z,15661507,bcenquirer,Does your body ache from hitting potholes? 5 reasons Michigan has lousy roads https://t.co/yqP4M8Dgj8,dlvr.it,,,,FALSE,FALSE,1,0,,,on.freep.com/2tJ4ZgE,https://t.co/yqP4M8Dgj8,http://on.freep.com/2tJ4ZgE,,,,,,,,,,,en,,,,,,,,,,,|,|,|||||||,,
973516547544309760,2018-03-13T11:10:06Z,30289355,michpoligal,Does your body ache from hitting potholes? 5 reasons Michigan has lousy roads https://t.co/mzukAj51uh via @freep,Twitter for iPhone,,,,FALSE,FALSE,1,0,,,on.freep.com/2pasp9i,https://t.co/mzukAj51uh,http://on.freep.com/2pasp9i,,,,,,,,,8795772,freep,en,,,,,,,,,,,|,|,|||||||,,
973515853038800896,2018-03-13T11:07:21Z,914952734,JGHillfreep,Does your body ache from hitting potholes? 5 reasons Michigan has lousy roads https://t.co/eg3By6yajF via @freep,Twitter for iPhone,,,,FALSE,FALSE,1,1,,,on.freep.com/2pasp9i,https://t.co/eg3By6yajF,http://on.freep.com/2pasp9i,,,,,,,,,8795772,freep,en,,,,,,,,,,,|,|,|||||||,,
973512846356221953,2018-03-13T10:55:24Z,235680458,jpursley31,"Does your body ache from hitting potholes? 5 reasons Michigan has lousy roads @freep ... read number 3 and 4 , absolutely atrocious , cant control weather, but you can control truck weight and construction performance, give me a break @MDOT_MetroDet  https://t.co/FQJzebbfZR",Twitter for iPhone,,,,FALSE,FALSE,0,0,,,amp.freep.com/amp/407807002?‚Ä¶,https://t.co/FQJzebbfZR,https://amp.freep.com/amp/407807002?__twitter_impression=true,,,,,,,,,8795772|21328820,freep|MDOT_MetroDet,en,,,,,,,,,,,|,|,|||||||,,
973509626141474816,2018-03-13T10:42:36Z,60364834,DetroitCP,Does your body ache from hitting potholes? 5 reasons Michigan has lousy roads https://t.co/51F9lOspEd,Detroit Now,,,,FALSE,FALSE,0,0,,,toplocalnow.com/us/detroit/top‚Ä¶,https://t.co/51F9lOspEd,http://toplocalnow.com/us/detroit/topics/michigan,,,,,,,,,,,en,,,,,,,,,,,|,|,|||||||,,
973500922432143360,2018-03-13T10:08:01Z,8795772,freep,Does your body ache from hitting potholes? 5 reasons Michigan has lousy roads https://t.co/CjelL5LE6e,dlvr.it,,,,FALSE,FALSE,8,7,,,on.freep.com/2Fx7rfD,https://t.co/CjelL5LE6e,http://on.freep.com/2Fx7rfD,,,,,,,,,,,en,,,,,,,,,,,|,|,|||||||,,
973500170028699649,2018-03-13T10:05:01Z,4865349550,urlocalaj,can my body not ache like an 80 year old women for one day like wtf do my hips gotta hurt for right now,Twitter for iPhone,,,,FALSE,FALSE,1,0,,,,,,,,,,,,,,,,en,,,,,,,,,,,|,|,|||||||,,
973433317746864133,2018-03-13T05:39:23Z,96711069,apetitecadeau,"She has heard the whispers
Soft clicks of the tongue
That produce
A soft ache in her body
The control of breath
The subtle nuance 
Of him creating sound...
Her mind wanders
To feel the pleasure
Of his mouth making words
To feel his thoughts...
As they sit in her mind",Twitter for Android,,,,FALSE,FALSE,1,0,,,,,,,,,,,,,,,,en,,,,,,,,,,,|,|,|||||||,,
973418508385124352,2018-03-13T04:40:32Z,948955337452916736,backpainhelpers,"Wait, why does that body part ache? - https://t.co/HVIhLnp8AY https://t.co/RThU6diKNW",backpainhelpers,,,,FALSE,FALSE,0,0,,,backpainhelpers.com/news/wait-why-‚Ä¶,https://t.co/HVIhLnp8AY,http://backpainhelpers.com/news/wait-why-does-that-body-part-ache/,http://pbs.twimg.com/media/DYJG-PmXcAACgPN.jpg,https://t.co/RThU6diKNW,https://twitter.com/backpainhelpers/status/973418508385124352/photo/1,photo,http://pbs.twimg.com/media/DYJG-PmXcAACgPN.jpg,https://t.co/RThU6diKNW,https://twitter.com/backpainhelpers/status/973418508385124352/photo/1,,,,en,,,,,,,,,,,|,|,|||||||,,
973416928218886146,2018-03-13T04:34:15Z,799817140698316800,ItsBritneysFan,"1. Work Bitch (Perfection &amp; if it had actual promo it would‚Äôve been well known classic- just like MM!!) #haters 
2. Till It‚Äôs Gone (epic chorus)
3. Passenger (personally relatable 
4. Alien (again personally relatable)
5. Body Ache (cuz it‚Äôs Britney bitch) https://t.co/idk8gB6aMl",Twitter for iPhone,,,,TRUE,FALSE,11,1,haters,,twitter.com/army_britneys/‚Ä¶,https://t.co/idk8gB6aMl,https://twitter.com/army_britneys/status/972112433404813312,,,,,,,,,,,en,972112433404813312,"qoute tweet your favourite top 5 tracks from #BritneyJean üé∂üëë

#BritneyJeanStreamingParty ‚ú® https://t.co/Uw7DWVu8lO",,,,,,,,,|,|,|||||||,,
973395133285785600,2018-03-13T03:07:39Z,3297578804,kcorinamarie,I can‚Äôt wait to wake up and do some yoga in the morning. Driving long trips makes my body ache so much.,Twitter for iPhone,,,,FALSE,FALSE,1,0,,,,,,,,,,,,,,,,en,,,,,https://api.twitter.com/1.1/geo/id/a8237d3409a76683.json,Casselberry,"Casselberry, FL",city,United States,US,|,|,-81.350571|-81.2861241|-81.2861241|-81.350571|28.610836|28.610836|28.6979809|28.6979809,-81.31834755,28.65440845
973391870410805249,2018-03-13T02:54:41Z,738803528387334146,alexispcopeland,"@hk_white13 No body is worth the heart ache, and I‚Äôll always be here to remind you that !",Twitter for iPhone,973390235265626112,479129912,hk_white13,FALSE,FALSE,1,1,,,,,,,,,,,,,,479129912,hk_white13,en,,,,,,,,,,,|,|,|||||||,,
973379328871419904,2018-03-13T02:04:51Z,19834487,TheAlanShane,"If I‚Äôd knew my joints would ache this much later in life I would have never stopped exercising. Like perpetually moving my body forever, never giving it a second of rest to tighten up EVER!!",Twitter for iPhone,,,,FALSE,FALSE,0,0,,,,,,,,,,,,,,,,en,,,,,https://api.twitter.com/1.1/geo/id/3797791ff9c0e4c6.json,Toronto,"Toronto, Ontario",city,Canada,CA,|,|,-79.639319|-78.90582|-78.90582|-79.639319|43.403221|43.403221|43.855401|43.855401,-79.2725695,43.629311
973363334190903297,2018-03-13T01:01:17Z,559621519,Fayik0,"WORK BITCH
ALIEN
PASSENGER
NOW THAT I FOUND YOU
BODY ACHE https://t.co/ZCRGPWrqb8",Twitter for iPhone,,,,TRUE,FALSE,0,0,,,twitter.com/army_britneys/‚Ä¶,https://t.co/ZCRGPWrqb8,https://twitter.com/army_britneys/status/972112433404813312,,,,,,,,,,,en,972112433404813312,"qoute tweet your favourite top 5 tracks from #BritneyJean üé∂üëë

#BritneyJeanStreamingParty ‚ú® https://t.co/Uw7DWVu8lO",,,,,,,,,|,|,|||||||,,
973351450322587648,2018-03-13T00:14:04Z,881582812889059328,angryservos,my hands are starting to ache again. guess my body's just gotten use to all these blueberries I've been eating over the past couple months....üôÉ,Twitter Web Client,,,,FALSE,FALSE,0,0,,,,,,,,,,,,,,,,en,,,,,,,,,,,|,|,|||||||,,
973348568630210560,2018-03-13T00:02:37Z,384628389,_AvaMother,"My ears ache, my body aches, &amp; my bones hurt üòí i just hope I‚Äôm not getting sick !",Twitter for iPhone,,,,FALSE,FALSE,0,0,,,,,,,,,,,,,,,,en,,,,,,,,,,,|,|,|||||||,,
973344155513442304,2018-03-12T23:45:05Z,238890783,Info_Online,"Question: My body feels stiff, and ache as soon as a fall sleep, either in a chair or bed? https://t.co/Bi7mK0mUN0",dlvr.it,,,,FALSE,FALSE,0,0,,,dlvr.it/QKmsjb,https://t.co/Bi7mK0mUN0,http://dlvr.it/QKmsjb,,,,,,,,,,,en,,,,,,,,,,,|,|,|||||||,,
973312703279214592,2018-03-12T21:40:06Z,288058430,GD3Tommy,That body ache that comes before you get sick üò©,Twitter for iPhone,,,,FALSE,FALSE,0,0,,,,,,,,,,,,,,,,en,,,,,,,,,,,|,|,|||||||,,
973308029927088128,2018-03-12T21:21:32Z,2937304317,Queen_Tunechi7,I was outside less than five minutes and my body started to ache like a mf üò≠üò©,Twitter for iPhone,,,,FALSE,FALSE,0,0,,,,,,,,,,,,,,,,en,,,,,,,,,,,|,|,|||||||,,
973296490247610368,2018-03-12T20:35:40Z,796119788972077056,FideiSpears88,"Alien üëΩ 
Work Bitch üèãüèº‚Äç‚ôÄÔ∏è 
Don‚Äôt Cry üò≠ 
Hold On Tight ü§ó
Body Ache üò£ https://t.co/00Kh7nveVF",Twitter for iPhone,,,,TRUE,FALSE,5,0,,,twitter.com/army_britneys/‚Ä¶,https://t.co/00Kh7nveVF,https://twitter.com/army_britneys/status/972112433404813312,,,,,,,,,,,en,972112433404813312,"qoute tweet your favourite top 5 tracks from #BritneyJean üé∂üëë

#BritneyJeanStreamingParty ‚ú® https://t.co/Uw7DWVu8lO",,,,,,,,,|,|,|||||||,,
973281770111225856,2018-03-12T19:37:11Z,851974004,LostWolfling,"I've had a stomach ache for like a month and I keep breaking out and now my head has been killing me for almost a week. I GET IT, WE'RE VERY STRESSED, BUT WHY DOES THIS SEEM HELPFUL @ MY BODY???",Twitter Web Client,,,,FALSE,FALSE,0,0,,,,,,,,,,,,,,,,en,,,,,,,,,,,|,|,|||||||,,
973260733533380609,2018-03-12T18:13:35Z,461479364,Lindseyottawa,"@JODYMITIC Been there...took almost a month. And don't over do it to soon like I did. Fever, fatigue and body ache all came back full force for a day or so.
Rest up, feel better soon!",Twitter for Android,973257737407627266,26916944,JODYMITIC,FALSE,FALSE,0,0,,,,,,,,,,,,,,26916944,JODYMITIC,en,,,,,,,,,,,|,|,|||||||,,
973254781451034625,2018-03-12T17:49:56Z,619628526,cmikella,"Swapped out a headache for a back ache today. Wtf body, get your life together.",Twitter for Android,,,,FALSE,FALSE,0,0,,,,,,,,,,,,,,,,en,,,,,https://api.twitter.com/1.1/geo/id/1c69a67ad480e1b1.json,Houston,"Houston, TX",city,United States,US,|,|,-95.823268|-95.069705|-95.069705|-95.823268|29.522325|29.522325|30.1546646|30.1546646,-95.4464865,29.8384948
973252200628674560,2018-03-12T17:39:41Z,889748529417261056,lapislazewli,my body fuckin hurts and idk really why like i think its bc i hurt myself yesterday but its more of an ache than a sharp pain so idk if that would be it,Twitter for Android,,,,FALSE,FALSE,2,0,,,,,,,,,,,,,,,,en,,,,,,,,,,,|,|,|||||||,,
973239124537827328,2018-03-12T16:47:43Z,971406812187627521,_DOMINICANKI,I‚Äôm so fuckin geeked to go the gym after work!!! My body has been literally craving that ache and sweat ‚ò∫Ô∏è‚ò∫Ô∏è‚ò∫Ô∏è,Twitter for iPhone,,,,FALSE,FALSE,0,0,,,,,,,,,,,,,,,,en,,,,,,,,,,,|,|,|||||||,,
973216418039660544,2018-03-12T15:17:30Z,2237232210,AyeItsNoura,"woke up with a soar throat, body ache, hardcore headache, and kinda feel like passing out lol",Twitter for iPhone,,,,FALSE,FALSE,2,0,,,,,,,,,,,,,,,,en,,,,,,,,,,,|,|,|||||||,,
973181822107619330,2018-03-12T13:00:01Z,25928253,WebMD,"Dermatomyositis makes your muscles and joints ache and causes painful, itchy, red or purple rashes on your eyelids. https://t.co/WR5aE2JkZq https://t.co/oydlJvvpb9",Sprinklr Prod2,,,,FALSE,FALSE,16,8,,,wb.md/2FwnLt9,https://t.co/WR5aE2JkZq,http://wb.md/2FwnLt9,http://pbs.twimg.com/media/DYFvtVMWsAAJgON.jpg,https://t.co/oydlJvvpb9,https://twitter.com/WebMD/status/973181822107619330/photo/1,photo,http://pbs.twimg.com/media/DYFvtVMWsAAJgON.jpg,https://t.co/oydlJvvpb9,https://twitter.com/WebMD/status/973181822107619330/photo/1,,,,en,,,,,,,,,,,|,|,|||||||,,
973181562161369088,2018-03-12T12:58:59Z,167046556,pattinyc1,If you eliminate dairy and sugar for one week you'll notice  your body won't ache as much. There's a connection due to the enzymes in cheese and the feed that cows graze. Soil treated with? There's enough natural sugar in fruit. It's all connected. #HealthyEating #PeaceAndLove,Twitter for Android,,,,FALSE,FALSE,1,0,HealthyEating|PeaceAndLove,,,,,,,,,,,,,,,en,,,,,,,,,,,|,|,|||||||,,
973151754945736704,2018-03-12T11:00:33Z,366084395,KelsMadelienxxo,"Why is it that whenever I have to wake up at 5 my whole body starts to ache an hour later like my stomach starts to hurt, I get body cramps.. like what is this about",Twitter for iPhone,,,,FALSE,FALSE,1,0,,,,,,,,,,,,,,,,en,,,,,,,,,,,|,|,|||||||,,
973083244089499648,2018-03-12T06:28:19Z,571291652,BrookeWietharn,"When you sit for hours studying biochem in the same place to the point where your legs ache... I'm concerned for my leg veinsüòÖüôÉüôÉ (when you study about the physiological effects of not treating your body right, but don't change your habitsüëçüèº)",Twitter for iPhone,,,,FALSE,FALSE,1,0,,,,,,,,,,,,,,,,en,,,,,https://api.twitter.com/1.1/geo/id/27c45d804c777999.json,Kansas,"Kansas, USA",admin,United States,US,|,|,-102.051769|-94.588081|-94.588081|-102.051769|36.9931101|36.9931101|40.003282|40.003282,-98.319925,38.49819605
973072409254420480,2018-03-12T05:45:15Z,84458061,scapeloaxo,that body ache right when ur sick is probably the worlds worst sensation,Twitter for iPhone,,,,FALSE,FALSE,1,0,,,,,,,,,,,,,,,,en,,,,,,,,,,,|,|,|||||||,,
973015752595968000,2018-03-12T02:00:07Z,150803846,drunkmxnds,"I hardly ever get sick, but when I do I ache in every part of my body üò™",Twitter for iPhone,,,,FALSE,FALSE,0,0,,,,,,,,,,,,,,,,en,,,,,https://api.twitter.com/1.1/geo/id/c0b8e8dc81930292.json,Baltimore,"Baltimore, MD",city,United States,US,|,|,-76.7115205|-76.529443|-76.529443|-76.7115205|39.197211|39.197211|39.372215|39.372215,-76.62048175,39.284713
973014144101355525,2018-03-12T01:53:44Z,603925955,NealSilvester,"How did Oshana begin? Its taste first touched tongue as the pulp of the forbidden fruit, when desire first ached in the body. Then it burned in shame, for others did not ache as the eater ached. No, the rest were pure, undefiled, heavenly. 

All so ingested, so felt. https://t.co/xtBHBirC28",Twitter Web Client,,,,TRUE,FALSE,0,0,,,twitter.com/RadioFreeTom/s‚Ä¶,https://t.co/xtBHBirC28,https://twitter.com/RadioFreeTom/status/972922239640330241,,,,,,,,,,,en,972922239640330241,"And not just with our *political* culture, but our culture in general https://t.co/7diTLqLgt5",,,,,,,,,|,|,|||||||,,
973012288235065344,2018-03-12T01:46:21Z,94230998,sarahhaskinstri,"Thought the body was just weirdly sore from training but no, turns out it‚Äôs the virus kind of body ache with low grade fever....üò¢",TweetCaster for iOS,,,,FALSE,FALSE,4,0,,,,,,,,,,,,,,,,en,,,,,,,,,,,|,|,|||||||,,
973008266807664645,2018-03-12T01:30:23Z,3148454597,bethdollface,Once my body starts to ache that means no bueno üò∑ I have a busy week ü§¶üèº‚Äç‚ôÄÔ∏è,Twitter for iPhone,,,,FALSE,FALSE,0,0,,,,,,,,,,,,,,,,en,,,,,,,,,,,|,|,|||||||,,
973000113282080768,2018-03-12T00:57:59Z,1096048885,bangishotyou,"Oh man, I finally slept. Must've only been two hours or so but that's still something.

And I managed to keep the food from earlier down. So I ate something else.

Just need this body ache to dull a little.",Twitter for Android,,,,FALSE,FALSE,16,0,,,,,,,,,,,,,,,,en,,,,,,,,,,,|,|,|||||||,,
972978927634325504,2018-03-11T23:33:48Z,3301199840,missteecotton,I get a physical pain inside my chest and stomach when I think about everything that happened to @michaeljackson. Like a literal ache deep inside my body. I miss him beyond words. #kingofpop https://t.co/3v5bBHMzNi,Twitter Web Client,,,,FALSE,FALSE,28,8,kingofpop,,,,,http://pbs.twimg.com/media/DYC3JQ1U0AAklQ4.jpg,https://t.co/3v5bBHMzNi,https://twitter.com/missteecotton/status/972978927634325504/photo/1,photo,http://pbs.twimg.com/media/DYC3JQ1U0AAklQ4.jpg,https://t.co/3v5bBHMzNi,https://twitter.com/missteecotton/status/972978927634325504/photo/1,,54387680,michaeljackson,en,,,,,,,,,,,|,|,|||||||,,
972944799190970368,2018-03-11T21:18:11Z,1727152386,_Primetime252,I have a head ache and my whole body hurts. I‚Äôm on chill until May nfs,Twitter for iPhone,,,,FALSE,FALSE,0,0,,,,,,,,,,,,,,,,en,,,,,,,,,,,|,|,|||||||,,
972940276116340736,2018-03-11T21:00:12Z,837824627229405185,dearmrsnap,@MensHealthMag My husband had a heart attack with no symptoms.  You never know if an ache or pain could be something else. Time to listen to your body:),Twitter for Android,972907508657459200,25093616,MensHealthMag,FALSE,FALSE,0,0,,,,,,,,,,,,,,25093616,MensHealthMag,en,,,,,,,,,,,|,|,|||||||,,
972933729999040512,2018-03-11T20:34:12Z,130022363,SaSkii_FrenChie,"I'm so much pain, my body ache üòñ",Twitter for iPhone,,,,FALSE,FALSE,1,0,,,,,,,,,,,,,,,,en,,,,,,,,,,,|,|,|||||||,,
972931083867127813,2018-03-11T20:23:41Z,2603390468,angrykittenpaws,"A thing that sucks: when you've been holding in resentment, anger, frustration, sadness, and when you finally let it out to someone you trust and feel better mentally, your body physically unclenches and you ache all over, physically",Twitter Web Client,,,,FALSE,FALSE,4,0,,,,,,,,,,,,,,,,en,,,,,,,,,,,|,|,|||||||,,
972905264826511360,2018-03-11T18:41:05Z,1115746717,veronicaleigh__,This cold makes my body ache,Twitter Lite,,,,FALSE,FALSE,1,1,,,,,,,,,,,,,,,,en,,,,,,,,,,,|,|,|||||||,,
972899532370571265,2018-03-11T18:18:18Z,805948592678727684,AlexisM2762,My body is starting to ache üò©,Twitter for iPhone,,,,FALSE,FALSE,0,1,,,,,,,,,,,,,,,,en,,,,,,,,,,,|,|,|||||||,,
972874193191649280,2018-03-11T16:37:37Z,462561437,Jasminnnnn_98,"Wow I slept about 3 hours last night, woke up sick, have a head ache, and I just wanna go to bed but apparently my body can‚Äôt sleep while the suns out",Twitter for iPhone,,,,FALSE,FALSE,1,0,,,,,,,,,,,,,,,,en,,,,,,,,,,,|,|,|||||||,,
972865541844230145,2018-03-11T16:03:14Z,1304329687,AshleyBeelzebub,"So I have a mild ear ache and when I rubbed my ear I got like a jolting pain in my ear canal and got really dizzy and almost fell over in an aisle. 

I'm fine now but like. What the fuck body.",Twitter for Android,,,,FALSE,FALSE,1,0,,,,,,,,,,,,,,,,en,,,,,https://api.twitter.com/1.1/geo/id/0184f83510600ffd.json,Deptford,"Deptford, NJ",city,United States,US,|,|,-75.1720789|-75.075263|-75.075263|-75.1720789|39.76854|39.76854|39.861738|39.861738,-75.12367095,39.815139
972855340885831680,2018-03-11T15:22:42Z,19487932,treequeen,"Not a good morning.
I slept goofy... my ribs ache (broken ones) &amp; I'm short of breath.

I need a new body.",Facebook,,,,FALSE,FALSE,0,0,,,,,,,,,,,,,,,,en,,,,,,,,,,,|,|,|||||||,,
972838063771652096,2018-03-11T14:14:03Z,2730517409,naughty_angel40,"There‚Äôs a ache deep inside me
I can‚Äôt control it
It started in my mind
Teasing me
Then my body responded
The ache grows with intensity
Running through my body
Nipples tightening 
Warmth building
Wetness 
This storm has no where to go
All I can do is ride it out

üòá",Twitter for iPhone,,,,FALSE,FALSE,7,1,,,,,,,,,,,,,,,,en,,,,,,,,,,,|,|,|||||||,,
972836681173827584,2018-03-11T14:08:33Z,878380746,lo_rva18,I have gotten zero sleep because my body decided to be restless and ache üòî,Twitter for iPhone,,,,FALSE,FALSE,0,0,,,,,,,,,,,,,,,,en,,,,,,,,,,,|,|,|||||||,,
972830168224997377,2018-03-11T13:42:41Z,904451030301237250,MaryIvyProbus,"this morning and I need this break though I know that I may not like working tonight. I just remembered that I have some foot soak that I may just soak my body in, to relieve this ache in my legs and body.",Twitter Web Client,972828651094990850,904451030301237250,MaryIvyProbus,FALSE,FALSE,0,0,,,,,,,,,,,,,,,,en,,,,,,,,,,,|,|,|||||||,,
972754056799277056,2018-03-11T08:40:14Z,412645301,ashxoelizabeth_,Worst headache &amp; body ache rn.,Twitter for iPhone,,,,FALSE,FALSE,0,0,,,,,,,,,,,,,,,,en,,,,,,,,,,,|,|,|||||||,,
972733041297821696,2018-03-11T07:16:44Z,966878474181971968,kayorrico,lol wish my entire body didn‚Äôt ache after wearing heels for too long https://t.co/bcqf6a9ceo,Twitter for iPhone,,,,FALSE,FALSE,3,0,,,,,,http://pbs.twimg.com/media/DX_XiioX0AEl2Kf.jpg,https://t.co/bcqf6a9ceo,https://twitter.com/kayorrico/status/972733041297821696/photo/1,photo,http://pbs.twimg.com/media/DX_XiioX0AEl2Kf.jpg,https://t.co/bcqf6a9ceo,https://twitter.com/kayorrico/status/972733041297821696/photo/1,,,,en,,,,,,,,,,,|,|,|||||||,,
972720124842016768,2018-03-11T06:25:24Z,4184850395,dropdeadesu,@ihmerst Being and adult and getting older is just different body parts starting to ache for the rest of your life,Twitter for iPhone,972607233421819904,88581400,ihmerst,FALSE,FALSE,0,0,,,,,,,,,,,,,,88581400,ihmerst,en,,,,,,,,,,,|,|,|||||||,,
972716936269266944,2018-03-11T06:12:44Z,30827821,DatAshCray,"His body has been made new. May we rejoice in that while hearts ache from the loss of a friend, family member, classmate or teammate. Continue to #PrayCollinStrong for those who love him and lives are forever changed by him. https://t.co/FF8bcmVLrf",Twitter for iPhone,,,,TRUE,FALSE,119,28,PrayCollinStrong,,twitter.com/kierstin_jane/‚Ä¶,https://t.co/FF8bcmVLrf,https://twitter.com/kierstin_jane/status/958923391066624000,,,,,,,,,,,en,958923391066624000,literally how can the person going through all of this bs be the strongest of us all? i admire his strength and am so so proud to call him my little brother ‚ù§Ô∏è #CollinStrong https://t.co/wx7PqkLeCU,,,,,,,,,|,|,|||||||,,
972714503392694272,2018-03-11T06:03:04Z,34267024,uniqui309,@OfficialSMoss Not me mt body ache since mt fall üò∑üòûüòûüôåüôèüíØüè°üò¥üò¥ can't sleep,Twitter for Android,972686777793232896,739590009783619584,OfficialSMoss,FALSE,FALSE,0,0,,,,,,,,,,,,,,739590009783619584,OfficialSMoss,en,,,,,,,,,,,|,|,|||||||,,
972698134940930048,2018-03-11T04:58:01Z,821384824808153090,RealLouMontero,@rmharmon2004 Chamomile tea is great and rest. If its whole body ache I say a nice warm bath as hot as you can tolerate. Followed by the tea or brandy w some bed rest. Have u been stressing? For me when im stressing my whole.body is affected...,Twitter Lite,972598765143183361,2896134006,rmharmon2004,FALSE,FALSE,0,0,,,,,,,,,,,,,,2896134006,rmharmon2004,en,,,,,,,,,,,|,|,|||||||,,
972675798946795521,2018-03-11T03:29:16Z,207180005,Baby_itsDasiaVu,My body aches in places I never knew can ache. Is getting in shape really for me? https://t.co/6fsF1PofWm,Tweetlogix,,,,FALSE,FALSE,1,0,,,,,,http://pbs.twimg.com/media/DX-je9rXUAEU4Mj.jpg,https://t.co/6fsF1PofWm,https://twitter.com/Baby_itsDasiaVu/status/972675798946795521/photo/1,photo,http://pbs.twimg.com/media/DX-je9rXUAEU4Mj.jpg,https://t.co/6fsF1PofWm,https://twitter.com/Baby_itsDasiaVu/status/972675798946795521/photo/1,,,,en,,,,,,,,,,,|,|,|||||||,,
972641884215619584,2018-03-11T01:14:30Z,2331235144,whatsupsef,Wow my body sure does ache,Twitter for iPhone,,,,FALSE,FALSE,1,0,,,,,,,,,,,,,,,,en,,,,,,,,,,,|,|,|||||||,,
972619207425888268,2018-03-10T23:44:24Z,613629639,Georgiagordon8,Heart ache is actually physically brutal can my body stop telling me I'm sad. I know already.,Twitter for iPad,,,,FALSE,FALSE,0,0,,,,,,,,,,,,,,,,en,,,,,,,,,,,|,|,|||||||,,
